severity,NOP_method,ATFD_method,ATLD_method,MAXNESTING_method,LOC_method,MaMCL_method,LAA_method,FANOUT_method,CLNAMM_method,CDISP_method,isStatic_method,DIT_type,FANOUT_type,LCOM5_type,NIM_type,NOAM_type,NOA_type,NOII_type,NOI_package,NOMNAMM_package,NOM_project,NOPK_project,RFC_type,TCC_type,WOC_type,modifier_type,num_not_final_not_static_attributes,number_constructor_DefaultConstructor_methods,number_not_abstract_not_final_methods,number_not_final_static_methods,number_private_visibility_attributes,number_protected_visibility_methods,visibility_type
0,0,0,1,1,3,0,1,1,1,1,0,3,1,1,32,0,2,0,0,72,254,2,56,1,0.5,other,2,0,6,0,0,0,public
0,0,0,1,1,3,0,1,1,1,1,0,3,1,1,32,0,2,0,0,72,254,2,56,1,0.5,other,2,0,6,0,0,0,public
0,1,0,0,1,5,0,0,1,0,1,0,3,1,1,32,0,2,0,0,72,254,2,56,1,0.5,other,2,0,6,0,0,0,public
0,1,2,0,2,11,0,0,0,1,0,0,3,1,1,32,0,2,0,0,72,254,2,56,1,0.5,other,2,0,6,0,0,0,public
0,1,2,0,2,11,0,0,0,1,0,0,3,1,1,32,0,2,0,0,72,254,2,56,1,0.5,other,2,0,6,0,0,0,public
0,1,2,0,2,11,0,0,0,0,0,0,3,1,1,32,0,2,0,0,72,254,2,56,1,0.5,other,2,0,6,0,0,0,public
1,0,5,2,3,29,0,0.285714286,1,0,0.333333333,0,3,1,0,32,0,3,0,0,72,254,2,52,1,0.25,other,3,0,1,0,0,0,public
0,2,0,0,1,3,0,0,1,0,1,0,4,1,0,15,0,0,0,1,100,245,4,9,1,1,other,0,0,4,0,0,0,public
0,4,0,0,1,3,0,0,1,0,1,0,4,1,0,15,0,0,0,1,100,245,4,9,1,1,other,0,0,4,0,0,0,public
0,2,0,0,1,3,0,0,1,0,1,0,4,1,0,15,0,0,0,1,100,245,4,9,1,1,other,0,0,4,0,0,0,public
0,3,0,0,1,3,0,0,1,0,1,0,4,1,0,15,0,0,0,1,100,245,4,9,1,1,other,0,0,4,0,0,0,public
2,0,10,5,3,33,0,0.294117647,5,3,0.833333333,0,1,25,0.723214286,0,0,4,1,1,100,245,4,87,1,1,other,4,0,29,6,1,0,public
2,5,9,2,4,48,0,0.166666667,1,6,0.333333333,0,1,25,0.723214286,0,0,4,1,1,100,245,4,87,1,1,other,4,0,29,6,1,0,public
3,1,56,24,6,523,0,0.3,7,6,0.368421053,0,1,25,0.723214286,0,0,4,1,1,100,245,4,87,1,1,other,4,0,29,6,1,0,public
3,2,83,2,6,257,0,0.023529412,3,4,0.6,0,1,4,0.666666667,0,0,2,0,0,54,245,4,44,1,1,other,2,0,31,1,0,0,public
0,1,0,0,1,5,0,0,0,0,0,0,2,0,0,11,0,0,0,0,5,541,11,21,0,1,other,0,1,3,0,0,0,public
0,1,0,0,1,4,0,0,0,0,0,0,2,0,0,11,0,0,0,0,5,541,11,21,0,1,other,0,1,3,0,0,0,public
0,0,0,0,1,3,0,0,0,0,0,0,2,2,0,7,0,0,0,0,5,541,11,15,0,1,other,0,0,3,0,0,0,public
0,0,0,1,1,4,0,1,0,0,0,0,1,3,0.971794872,0,39,20,0,0,27,541,11,58,0.087179487,0.025,other,19,1,41,0,20,0,public
2,7,9,1,5,176,0,0.1,3,2,0.428571429,1,1,5,1,0,0,1,0,1,60,541,11,31,0.784313725,1,other,0,0,18,18,1,0,public
0,0,0,0,2,18,0,0,1,0,1,0,5,2,0,72,0,0,0,0,28,502,4,6,1,1,other,0,0,3,1,0,0,public
0,4,1,0,2,27,0,0,1,1,0.5,0,5,2,0,72,0,0,0,0,28,502,4,6,1,1,other,0,0,3,1,0,0,public
0,0,1,0,3,12,0,0,1,0,0.5,1,5,2,0,72,0,0,0,0,28,502,4,6,1,1,other,0,0,3,1,0,0,public
0,0,0,4,1,7,0,1,1,0,1,0,1,1,0.937304075,0,6,11,1,0,28,502,4,31,0.261083744,0.8,other,6,0,30,0,0,0,public
0,2,0,0,1,4,0,0,0,1,0,0,1,1,0.937304075,0,6,11,1,0,28,502,4,31,0.261083744,0.8,other,6,0,30,0,0,0,public
0,2,0,4,3,30,0,1,0,0,0,0,1,1,0.937304075,0,6,11,1,0,28,502,4,31,0.261083744,0.8,other,6,0,30,0,0,0,public
2,3,15,15,7,206,0,0.428571429,5,12,0.454545455,0,1,11,0.949275362,0,9,48,2,5,277,502,4,77,0.493589744,0.709677419,other,24,1,41,0,13,9,public
0,3,0,4,7,111,0,1,2,4,0.333333333,1,1,2,0.9,0,0,5,0,5,277,502,4,17,0.3,0,other,0,0,7,7,5,0,package
2,1,19,2,1,7,0,0.095238095,1,1,1,0,2,8,0.989966555,8,15,26,1,5,277,502,4,41,0.177865613,0.285714286,other,7,0,24,0,1,3,public
2,1,33,0,7,142,0,0,7,9,0.333333333,0,1,9,0.882352941,0,0,2,1,5,277,502,4,61,0.269230769,1,other,0,1,19,0,2,12,public
0,1,0,0,3,18,0,0,1,1,1,1,1,10,0,0,0,0,0,4,106,585,3,15,0,1,other,0,0,4,4,0,0,public
0,0,0,0,1,8,0,0,0,1,0,1,1,10,0,0,0,0,0,4,106,585,3,15,0,1,other,0,0,4,4,0,0,public
0,0,0,0,2,14,0,0,0,0,0,1,1,10,0,0,0,0,0,4,106,585,3,15,0,1,other,0,0,4,4,0,0,public
0,1,0,0,2,31,0,0,9,0,0.9,1,1,10,0,0,0,0,0,4,106,585,3,15,0,1,other,0,0,4,4,0,0,public
1,1,5,0,3,22,0,0,1,0,0.5,0,1,3,1,0,1,3,1,5,451,585,3,18,0,0.888888889,final,3,0,2,0,3,0,protected
0,2,0,5,5,79,0,1,4,1,1,0,2,4,0.6,14,0,5,0,0,34,629,13,34,0.5,1,other,4,0,4,0,5,2,public
0,0,0,2,3,15,0,1,0,0,0,0,2,4,0.6,14,0,5,0,0,34,629,13,34,0.5,1,other,4,0,4,0,5,2,public
0,1,0,4,2,12,0,1,0,0,0,0,2,4,0.6,14,0,5,0,0,34,629,13,34,0.5,1,other,4,0,4,0,5,2,public
0,0,0,0,1,3,0,0,0,0,0,0,2,4,0.6,14,0,5,0,0,34,629,13,34,0.5,1,other,4,0,4,0,5,2,public
0,1,2,0,3,32,0,0,1,0,1,0,1,1,0,0,0,0,1,0,34,629,13,2,1,0,other,0,1,2,0,0,0,package
0,3,0,7,6,134,0,0.636363636,1,13,1,0,2,5,0.95371669,0,9,23,3,0,101,629,13,77,0.383503401,0,abstract,14,0,55,1,4,19,public
0,3,3,7,6,122,0,0.5,2,10,0.5,0,2,5,0.95371669,0,9,23,3,0,101,629,13,77,0.383503401,0,abstract,14,0,55,1,4,19,public
0,0,0,0,1,3,0,0,1,0,1,0,1,1,0.3,0,0,1,0,0,16,641,14,12,0.622222222,1,other,1,0,2,0,1,0,public
0,1,0,1,2,6,0,1,0,0,0,0,1,1,0.3,0,0,1,0,0,16,641,14,12,0.622222222,1,other,1,0,2,0,1,0,public
0,1,0,1,2,10,0,1,0,0,0,0,1,1,0.3,0,0,1,0,0,16,641,14,12,0.622222222,1,other,1,0,2,0,1,0,public
2,2,10,2,6,181,0,0.166666667,9,1,0.375,0,1,12,0.866666667,0,1,5,0,4,112,641,14,38,0.2,0.75,other,5,0,4,0,5,2,public
2,1,14,1,8,110,2,0.066666667,7,0,0.388888889,0,1,7,0.833333333,0,0,1,3,0,45,641,14,25,0.066666667,1,other,1,0,7,0,1,0,private
0,4,1,3,3,22,0,0.75,1,1,1,0,1,4,0.825,0,0,5,0,0,26,689,3,13,1,1,other,3,0,9,2,5,0,public
0,1,1,3,2,18,0,0.75,1,0,1,0,1,4,0.825,0,0,5,0,0,26,689,3,13,1,1,other,3,0,9,2,5,0,public
0,0,0,1,2,13,0,1,0,0,0,0,1,4,0.825,0,0,5,0,0,26,689,3,13,1,1,other,3,0,9,2,5,0,public
0,3,0,1,2,13,0,1,0,2,0,0,1,4,0.825,0,0,5,0,0,26,689,3,13,1,1,other,3,0,9,2,5,0,public
1,2,6,1,5,23,0,0.142857143,1,0,0.166666667,0,1,2,0.803921569,0,6,6,0,16,463,689,3,40,0.428571429,0.666666667,other,6,0,18,0,6,0,public
0,1,1,2,1,5,0,0.666666667,1,0,1,0,6,2,0,45,0,0,0,0,159,780,3,18,0,1,final,0,0,5,0,0,3,public
0,0,0,1,1,3,0,1,0,0,0,0,6,2,0,45,0,0,0,0,159,780,3,18,0,1,final,0,0,5,0,0,3,public
0,0,0,1,1,3,0,1,0,0,0,0,6,2,0,45,0,0,0,0,159,780,3,18,0,1,final,0,0,5,0,0,3,public
0,0,0,1,1,3,0,1,0,0,0,0,6,2,0,45,0,0,0,0,159,780,3,18,0,1,final,0,0,5,0,0,3,public
0,0,0,0,1,3,0,0,1,0,1,0,6,2,0,45,0,0,0,0,159,780,3,18,0,1,final,0,0,5,0,0,3,public
0,0,4,20,6,119,0,0.833333333,2,4,1,0,3,14,0.997379813,52,1,66,1,4,408,780,3,157,0.938942308,0.084507042,other,1,0,9,0,1,63,public
0,2,0,3,1,6,0,1,0,0,0,0,1,6,1,0,0,6,1,1,41,713,4,23,0,1,other,6,0,7,0,0,0,public
2,5,15,0,2,17,0,0,1,0,0.2,0,1,1,0,0,0,0,1,0,385,713,4,6,1,1,other,0,1,2,0,0,0,package
0,2,0,2,1,4,0,1,0,0,0,0,1,0,0.933333333,0,0,3,0,0,11,808,7,11,1,1,other,1,0,11,1,3,0,public
0,1,0,1,1,8,0,1,0,1,0,0,1,0,0.933333333,0,0,3,0,0,11,808,7,11,1,1,other,1,0,11,1,3,0,public
0,1,0,1,1,7,0,1,0,0,0,0,1,0,0.933333333,0,0,3,0,0,11,808,7,11,1,1,other,1,0,11,1,3,0,public
0,1,0,1,1,10,0,1,0,0,0,0,1,0,0.933333333,0,0,3,0,0,11,808,7,11,1,1,other,1,0,11,1,3,0,public
0,1,0,1,2,23,0,1,0,0,0,0,1,0,0.933333333,0,0,3,0,0,11,808,7,11,1,1,other,1,0,11,1,3,0,public
0,2,10,0,6,50,0,0,1,2,0.2,1,3,8,0,25,0,0,0,1,133,808,7,79,1,0,other,0,0,17,17,0,0,public
2,0,19,15,8,413,0,0.394736842,11,7,0.47826087,1,2,14,0.71875,20,0,4,0,1,399,808,7,60,0.533333333,0.8,other,0,0,9,9,1,0,public
0,4,0,0,1,5,0,0,1,1,1,0,7,7,0.89375,0,0,10,2,1,165,703,7,39,0.363636364,0,abstract,10,0,15,0,10,4,public
0,4,0,0,1,5,0,0,1,1,1,0,7,7,0.89375,0,0,10,2,1,165,703,7,39,0.363636364,0,abstract,10,0,15,0,10,4,public
0,1,0,0,1,4,0,0,0,2,0,0,7,7,0.89375,0,0,10,2,1,165,703,7,39,0.363636364,0,abstract,10,0,15,0,10,4,public
0,1,0,0,1,4,0,0,0,2,0,0,7,7,0.89375,0,0,10,2,1,165,703,7,39,0.363636364,0,abstract,10,0,15,0,10,4,public
0,1,7,9,6,270,0,0.642857143,11,10,0.5,1,1,17,0.959935897,0,1,16,0,1,154,703,7,94,0.23968254,0.921052632,other,0,0,31,29,14,0,public
2,7,9,3,8,402,0,0.25,2,4,0.666666667,0,1,5,0.866666667,0,5,4,1,2,154,703,7,24,0.714285714,0.5,other,3,0,16,0,4,0,public
0,1,0,0,1,6,0,0,1,1,1,0,2,1,0,6,0,0,0,0,20,1031,28,11,0,1,other,0,1,3,0,0,0,public
0,1,0,0,1,3,0,0,0,0,0,0,2,1,0,6,0,0,0,0,20,1031,28,11,0,1,other,0,1,3,0,0,0,public
0,1,0,0,1,6,0,0,1,0,1,0,2,1,0,6,0,0,0,0,20,1031,28,10,1,1,other,0,1,2,0,0,0,public
0,1,0,1,1,4,0,1,0,0,0,0,3,2,0.75,18,2,4,0,3,56,1064,18,27,0.6,0.6,other,4,0,5,0,4,0,public
0,1,0,1,1,4,0,1,0,0,0,0,3,2,0.75,18,2,4,0,3,56,1064,18,27,0.6,0.6,other,4,0,5,0,4,0,public
0,3,0,2,1,6,0,1,1,0,1,0,3,2,0.75,18,2,4,0,3,56,1064,18,27,0.6,0.6,other,4,0,5,0,4,0,public
0,0,0,2,4,29,0,1,2,0,1,0,3,2,0.75,18,2,4,0,3,56,1064,18,27,0.6,0.6,other,4,0,5,0,4,0,public
0,3,0,0,6,160,0,0,0,0,0,1,1,1,0,0,0,0,0,4,78,1064,18,5,0,1,final,0,0,4,3,0,0,public
0,2,0,1,1,6,0,1,0,0,0,0,3,0,1,63,0,1,0,0,78,1199,9,2,1,1,other,1,0,2,0,1,1,public
0,1,0,1,1,8,0,1,0,0,0,0,3,0,1,63,0,1,0,0,78,1199,9,2,1,1,other,1,0,2,0,1,1,public
0,1,0,4,6,74,0,1,0,2,0,0,1,23,0.896551724,0,6,8,5,0,78,1199,9,69,0.636842105,0.535714286,other,8,0,30,0,0,1,public
0,0,0,1,1,4,0,1,0,0,0,0,1,23,0.896551724,0,6,8,5,0,78,1199,9,69,0.636842105,0.535714286,other,8,0,30,0,0,1,public
0,0,0,2,1,12,0,1,1,1,1,0,1,23,0.896551724,0,6,8,5,0,78,1199,9,69,0.636842105,0.535714286,other,8,0,30,0,0,1,public
1,3,4,2,8,244,0,0.333333333,10,5,1,0,1,23,0.896551724,0,6,8,5,0,78,1199,9,69,0.636842105,0.535714286,other,8,0,30,0,0,1,public
2,1,7,3,8,208,0,0.3,12,1,0.8,0,1,23,0.896551724,0,6,8,5,0,78,1199,9,69,0.636842105,0.535714286,other,8,0,30,0,0,1,public
0,4,1,1,6,120,0,0.5,5,3,0.714285714,0,1,26,0.863787375,0,3,7,1,0,78,1199,9,95,0.685606061,0.914285714,other,6,0,44,0,7,0,public
0,1,0,1,1,6,0,1,0,0,0,1,2,3,0.683333333,3,0,5,0,0,38,1278,16,19,0.755555556,1,other,4,0,13,2,5,0,public
0,1,0,1,1,3,0,1,0,0,0,1,2,3,0.683333333,3,0,5,0,0,38,1278,16,19,0.755555556,1,other,4,0,13,2,5,0,public
0,2,0,2,1,6,0,1,0,0,0,0,2,3,0.683333333,3,0,5,0,0,38,1278,16,19,0.755555556,1,other,4,0,13,2,5,0,public
0,0,0,1,2,5,0,1,0,1,0,0,2,3,0.683333333,3,0,5,0,0,38,1278,16,19,0.755555556,1,other,4,0,13,2,5,0,public
0,4,0,8,3,98,0,1,2,2,1,0,1,6,0.92364532,0,22,14,0,1,103,1278,16,36,0.192118227,0.24137931,other,14,0,30,0,14,0,public
2,1,10,2,3,84,0,0.166666667,6,1,0.461538462,0,1,7,0.75,0,0,2,0,0,38,1278,16,25,0.142857143,1,other,1,0,7,0,2,2,public
0,3,0,0,1,7,0,0,3,1,1,1,1,14,0.866666667,0,0,1,0,1,25,1271,10,42,0.622222222,1,final,0,0,16,15,1,0,public
0,3,0,0,1,7,0,0,3,1,1,1,1,14,0.866666667,0,0,1,0,1,25,1271,10,42,0.622222222,1,final,0,0,16,15,1,0,public
0,3,0,0,3,20,0,0,1,1,1,1,1,14,0.866666667,0,0,1,0,1,25,1271,10,42,0.622222222,1,final,0,0,16,15,1,0,public
0,3,0,0,2,10,0,0,1,1,1,1,1,14,0.866666667,0,0,1,0,1,25,1271,10,42,0.622222222,1,final,0,0,16,15,1,0,public
0,1,0,4,6,80,0,1,4,3,0.666666667,0,4,5,0.891666667,0,9,8,0,0,32,1271,10,27,0.20952381,0,abstract,6,0,8,0,8,10,public
0,3,0,3,6,147,0,1,2,3,0.285714286,0,1,3,0.642857143,0,0,7,0,0,124,1271,10,22,1,0,final,0,0,9,1,7,0,package
0,1,4,8,7,164,0,0.666666667,13,6,0.684210526,0,1,23,0.811111111,0,0,9,1,0,247,1271,10,82,0.405797101,1,final,2,0,31,0,8,0,public
0,3,0,1,1,4,0,1,0,0,0,0,4,1,1,45,0,1,0,0,7,1302,15,7,0,1,other,0,0,6,0,1,1,public
0,1,0,0,2,7,0,0,0,1,0,0,4,1,1,45,0,1,0,0,7,1302,15,7,0,1,other,0,0,6,0,1,1,public
0,1,0,0,2,7,0,0,0,1,0,0,4,1,1,45,0,1,0,0,7,1302,15,7,0,1,other,0,0,6,0,1,1,public
0,2,0,0,3,19,0,0,1,0,1,0,4,1,1,45,0,1,0,0,7,1302,15,7,0,1,other,0,0,6,0,1,1,public
0,4,6,5,1,13,0,0.454545455,1,1,1,0,1,7,0.825892857,0,2,14,0,0,37,1404,12,49,0.722222222,0.75,other,19,0,17,1,10,0,public
0,0,4,7,2,20,0,0.636363636,1,0,1,0,1,7,0.825892857,0,2,14,0,0,37,1404,12,49,0.722222222,0.75,other,19,0,17,1,10,0,public
0,0,3,7,3,40,0,0.7,1,1,0.5,0,1,7,0.825892857,0,2,14,0,0,37,1404,12,49,0.722222222,0.75,other,19,0,17,1,10,0,public
2,2,29,2,5,108,0,0.064516129,3,2,0.230769231,0,1,7,0.825892857,0,2,14,0,0,37,1404,12,49,0.722222222,0.75,other,19,0,17,1,10,0,public
2,1,17,5,5,136,0,0.227272727,2,3,0.153846154,0,1,7,0.825892857,0,2,14,0,0,37,1404,12,49,0.722222222,0.75,other,19,0,17,1,10,0,public
2,2,15,0,4,120,0,0,5,0,0.294117647,0,2,5,1,26,2,3,0,0,274,1404,12,88,0,0.6,other,0,0,6,1,3,0,public
0,4,0,15,11,406,0,1,0,0,0,1,1,0,0.987878788,0,0,15,0,0,68,1404,12,12,0.681818182,1,final,0,0,2,2,0,0,public
0,1,0,2,1,4,0,1,0,0,0,0,1,18,1,0,0,15,0,0,30,1450,15,107,1,1,other,1,0,16,1,14,0,public
0,0,0,1,1,3,0,1,0,0,0,0,1,18,1,0,0,15,0,0,30,1450,15,107,1,1,other,1,0,16,1,14,0,public
0,2,0,2,2,20,0,1,0,2,0,0,1,18,1,0,0,15,0,0,30,1450,15,107,1,1,other,1,0,16,1,14,0,public
3,1,35,7,7,143,0,0.166666667,5,4,0.192307692,0,1,18,1,0,0,15,0,0,30,1450,15,107,1,1,other,1,0,16,1,14,0,public
2,1,12,1,10,102,0,0.076923077,4,0,0.222222222,0,1,18,1,0,0,15,0,0,30,1450,15,107,1,1,other,1,0,16,1,14,0,public
2,0,24,2,8,374,0,0.076923077,8,3,0.363636364,0,1,8,0.75,0,1,4,0,0,263,1450,15,33,1,1,other,4,0,6,0,4,0,public
0,2,0,0,1,3,0,0,0,0,0,0,1,1,0,0,0,0,1,0,12,1447,21,3,0,1,other,0,1,3,0,0,0,public
0,7,0,0,1,6,0,0,1,0,1,0,1,1,0,0,0,0,1,0,12,1447,21,3,0,1,other,0,1,3,0,0,0,public
0,0,0,2,1,5,0,1,0,1,0,0,1,2,0,0,0,2,1,0,12,1447,21,6,1,1,other,4,0,4,0,4,0,public
0,2,0,2,1,7,0,1,1,1,1,0,1,2,0,0,0,2,1,0,12,1447,21,6,1,1,other,4,0,4,0,4,0,public
0,0,0,4,1,4,0,1,0,0,0,0,1,2,0,0,0,2,1,0,12,1447,21,6,1,1,other,4,0,4,0,4,0,public
0,2,2,4,7,241,0,0.666666667,2,1,1,0,1,3,0.5,0,3,4,0,0,89,1447,21,21,0.933333333,0.625,other,4,0,12,1,4,0,public
2,2,11,2,2,38,0,0.153846154,5,1,0.277777778,0,1,6,0.625,0,0,4,1,0,94,1447,21,31,1,1,other,4,0,5,0,4,1,public
0,12,3,9,6,214,0,0.5625,4,5,0.571428571,0,1,11,0.905555556,0,0,15,1,0,37,1447,21,44,0.666666667,1,other,5,0,13,7,15,0,public
0,5,5,13,6,102,0,0.619047619,6,1,0.4,0,1,16,0.87037037,0,0,27,1,0,27,1447,21,56,1,1,other,27,0,7,0,27,0,public
0,1,0,1,1,3,0,1,0,0,0,0,1,9,0.863636364,0,0,2,0,0,112,1593,30,34,0.890909091,1,other,1,0,12,0,1,1,public
0,2,8,14,6,205,0,0.777777778,5,10,0.3125,0,3,13,0.894965278,31,8,16,0,1,281,1593,30,178,0.47144075,0.875,other,14,0,73,0,15,0,public
0,1,0,0,1,6,0,0,2,0,1,0,1,3,1,0,2,3,0,1,34,1475,19,12,0,0.75,other,3,0,9,0,3,0,public
0,1,0,0,1,6,0,0,2,0,1,0,1,3,1,0,2,3,0,1,34,1475,19,12,0,0.75,other,3,0,9,0,3,0,public
0,2,2,0,1,7,0,0,0,0,0,0,1,3,1,0,2,3,0,1,34,1475,19,12,0,0.75,other,3,0,9,0,3,0,public
0,0,1,0,1,4,0,0,1,0,1,0,1,3,1,0,2,3,0,1,34,1475,19,12,0,0.75,other,3,0,9,0,3,0,public
1,3,6,0,2,18,0,0,2,0,1,0,2,10,1,0,2,11,3,2,432,1475,19,53,0,0,abstract,9,0,31,0,10,0,public
2,4,7,0,1,20,0,0,1,0,1,0,1,6,1,0,0,8,1,0,293,1475,19,21,0,1,other,8,0,13,0,8,0,package
0,1,0,1,1,4,0,1,1,0,1,0,1,2,0.142857143,0,0,1,1,3,130,1805,26,16,1,1,final,1,0,8,0,1,0,package
0,0,0,1,1,4,0,1,1,0,1,0,1,2,0.142857143,0,0,1,1,3,130,1805,26,16,1,1,final,1,0,8,0,1,0,package
0,0,0,1,1,4,0,1,1,0,1,0,1,2,0.142857143,0,0,1,1,3,130,1805,26,16,1,1,final,1,0,8,0,1,0,package
0,0,0,1,2,16,0,1,1,0,1,0,1,2,0.142857143,0,0,1,1,3,130,1805,26,16,1,1,final,1,0,8,0,1,0,package
0,1,0,7,8,284,0,0.466666667,5,4,0.263157895,0,1,7,0.895833333,0,0,6,1,3,64,1805,26,49,1,1,final,0,0,9,4,9,0,package
0,1,3,2,8,104,0,0.5,3,1,0.428571429,1,1,8,0.944444444,0,0,9,0,5,117,1805,26,42,0.114285714,0,abstract,0,0,23,22,7,0,public
2,2,10,2,2,51,0,0.166666667,4,0,0.571428571,0,2,4,1,3,0,2,0,0,105,1805,26,16,0.333333333,0,final,0,0,4,0,2,0,package
2,4,16,13,9,169,2,0.448275862,17,0,0.80952381,0,3,38,0.975913621,4,3,43,1,0,29,1805,26,154,0.80952381,0.875,final,4,0,28,7,44,0,public
2,4,12,11,6,159,0,0.523809524,15,0,0.416666667,0,2,19,0.733333333,0,0,10,1,10,137,1805,26,44,0.5,0,abstract,10,0,4,1,1,1,public
0,1,0,0,1,4,0,0,1,0,1,0,2,2,0,4,0,0,0,0,143,2118,22,22,1,1,final,0,0,2,0,0,0,public
0,0,0,0,1,3,0,0,1,0,1,0,3,2,1,6,0,1,0,0,143,2118,22,11,0,1,other,0,0,3,1,1,0,public
0,1,0,1,1,3,0,1,0,0,0,0,1,1,0,0,0,1,0,2,471,2989,13,3,1,0,abstract,0,0,2,0,0,2,public
0,1,0,1,2,15,0,1,1,0,1,0,1,1,0,0,0,1,0,2,471,2989,13,3,1,0,abstract,0,0,2,0,0,2,public
0,0,0,0,1,3,0,0,0,0,0,0,1,0,0,0,0,0,1,2,471,2989,13,11,0,0,other,0,0,11,0,0,0,public
2,1,7,1,3,19,2,0.142857143,4,0,0.8,0,3,14,0.875,0,1,2,1,0,458,2989,13,40,0.142857143,0,abstract,1,0,10,0,2,7,public
1,1,5,1,3,26,0,0.166666667,1,3,0.2,0,1,43,0.742873764,0,1,9,2,2,260,2989,13,286,0.950925926,0.943820225,other,10,0,8,0,6,0,public
2,2,14,4,6,164,0,0.222222222,13,2,0.5,0,2,29,0.926868045,0,13,17,0,0,145,2989,13,130,0.327635328,0,other,17,0,38,0,17,1,public
0,2,0,35,1,124,0,1,0,2,0,0,5,5,0.959582943,520,36,97,1,1,400,1879,22,94,0.11512605,0.292929293,other,63,0,89,0,59,21,public
0,0,0,0,1,3,0,0,0,0,0,0,5,5,0.959582943,520,36,97,1,1,400,1879,22,94,0.11512605,0.292929293,other,63,0,89,0,59,21,public
3,1,30,1,1,4,0,0.032258065,1,0,1,0,5,12,0.968862941,519,47,99,1,1,400,1879,22,124,0.142318059,0.333333333,other,52,0,110,0,51,16,public
0,7,0,0,7,125,0,0,1,1,1,1,1,1,0,0,0,0,0,0,94,1879,22,3,0,1,other,0,0,2,2,0,0,public
2,0,10,0,2,29,2,0,4,0,0.444444444,0,2,4,0,8,0,0,0,0,49,1879,22,20,1,0,other,0,0,1,0,0,0,package
0,2,0,4,1,6,0,1,1,0,1,0,2,1,1,7,0,7,0,0,18,2169,37,12,1,0.285714286,other,2,0,2,0,2,0,public
1,1,9,2,3,21,0,0.181818182,6,1,0.857142857,0,2,11,0.78,3,3,5,1,4,56,2169,37,32,0.428571429,0.666666667,other,5,0,11,0,5,0,public
0,1,0,0,2,7,0,0,0,0,0,0,1,5,0.979644165,0,9,39,2,1,583,3309,19,503,0.863372093,0.912408759,other,39,0,379,1,36,0,public
0,0,0,0,1,3,0,0,0,1,0,0,1,5,0.979644165,0,9,39,2,1,583,3309,19,503,0.863372093,0.912408759,other,39,0,379,1,36,0,public
0,0,0,0,1,3,0,0,0,1,0,0,1,5,0.979644165,0,9,39,2,1,583,3309,19,503,0.863372093,0.912408759,other,39,0,379,1,36,0,public
0,1,0,1,1,4,0,1,0,1,0,0,1,12,0.963869464,0,2,22,1,0,46,2923,44,88,0.426742532,0.727272727,other,14,0,40,0,5,22,public
0,0,0,2,2,49,0,1,1,1,1,0,1,12,0.963869464,0,2,22,1,0,46,2923,44,88,0.426742532,0.727272727,other,14,0,40,0,5,22,public
0,0,0,4,3,24,0,1,1,0,1,0,1,12,0.963869464,0,2,22,1,0,46,2923,44,88,0.426742532,0.727272727,other,14,0,40,0,5,22,public
1,1,8,11,4,244,0,0.578947368,7,6,0.466666667,0,1,12,0.963869464,0,2,22,1,0,46,2923,44,88,0.426742532,0.727272727,other,14,0,40,0,5,22,public
1,1,6,1,8,176,0,0.142857143,5,5,0.227272727,0,1,12,0.963869464,0,2,22,1,0,46,2923,44,88,0.426742532,0.727272727,other,14,0,40,0,5,22,public
2,2,18,9,8,163,0,0.333333333,9,4,0.290322581,0,1,69,0.98964497,0,39,39,2,7,469,2923,44,366,0.240110079,0,abstract,32,0,155,0,22,62,public
0,0,0,1,1,1,0,1,0,0,0,0,1,0,0.953571429,0,4,35,0,1,30,2742,33,9,0.535714286,0.217391304,other,14,0,9,1,2,0,public
0,0,0,1,1,1,0,1,0,0,0,0,1,0,0.953571429,0,4,35,0,1,30,2742,33,9,0.535714286,0.217391304,other,14,0,9,1,2,0,public
0,0,0,2,1,1,0,1,0,0,0,0,1,0,0.953571429,0,4,35,0,1,30,2742,33,9,0.535714286,0.217391304,other,14,0,9,1,2,0,public
2,1,8,0,3,39,0,0,2,0,0.333333333,1,1,5,0,0,0,0,0,1,30,2742,33,16,0,1,other,0,0,3,3,0,0,public
0,1,0,1,3,30,0,1,0,1,0,0,1,1,0.857142857,0,0,3,0,0,8,2957,33,9,1,1,other,0,1,6,1,0,0,public
0,1,0,0,1,6,0,0,0,0,0,0,1,1,0.857142857,0,0,3,0,0,8,2957,33,9,1,1,other,0,1,6,1,0,0,public
0,2,1,10,5,162,0,0.769230769,9,3,0.818181818,0,4,12,0.913265306,74,8,14,0,0,75,2957,33,35,0.2,0.272727273,other,14,0,15,0,12,0,public
0,3,0,0,2,18,0,0,0,0,0,1,1,0,1,0,2,1,1,0,9,2714,40,11,0,0,abstract,1,0,9,1,0,2,public
2,2,21,4,7,210,0,0.16,6,2,0.428571429,0,1,11,0.73015873,0,0,7,1,3,124,2714,40,32,1,1,final,6,1,11,0,7,2,public
2,2,11,3,6,156,0,0.214285714,5,3,0.357142857,0,2,6,1,5,0,7,1,3,124,2714,40,33,1,0.166666667,other,0,0,5,0,2,0,public
0,0,0,0,1,3,0,0,0,0,0,0,2,11,0.85,130,1,6,0,3,181,2996,32,232,0.619047619,0.888888889,other,13,0,11,0,0,1,public
0,1,2,2,1,5,0,0.666666667,3,0,0.75,0,2,11,0.85,130,1,6,0,3,181,2996,32,232,0.619047619,0.888888889,other,13,0,11,0,0,1,public
0,2,1,0,7,138,0,0,1,0,0.25,0,1,4,0.952380952,0,1,6,2,1,46,2996,32,18,0.333333333,0.5,other,6,1,9,0,0,1,public
1,4,5,5,6,119,0,0.5,6,1,0.428571429,0,5,6,0.949579832,520,1,17,3,0,30,2996,32,25,0.533333333,0.416666667,other,15,0,8,0,11,1,public
0,0,0,0,1,2,0,0,0,0,0,0,2,2,0.666666667,11,2,2,1,0,50,3790,48,22,1,0.6,other,1,0,7,0,1,0,public
0,2,0,0,1,3,0,0,0,1,0,0,2,2,0.666666667,11,2,2,1,0,50,3790,48,22,1,0.6,other,1,0,7,0,1,0,public
0,3,0,0,1,3,0,0,1,0,1,0,2,2,0.666666667,11,2,2,1,0,50,3790,48,22,1,0.6,other,1,0,7,0,1,0,public
0,2,0,2,4,153,0,1,4,5,0.5,0,1,5,0.967948718,0,0,12,0,0,50,3790,48,29,0.309090909,1,other,3,0,14,1,12,10,public
2,1,7,0,3,20,0,0,1,1,0.125,1,1,3,0,0,0,0,0,0,46,3790,48,25,0,1,final,0,0,13,12,0,0,public
0,2,0,0,1,4,0,0,1,0,1,0,1,1,0.75,0,2,2,2,0,12,4165,108,7,0.2,0.6,other,2,0,5,0,0,0,public
0,1,0,1,1,6,0,1,0,0,0,0,1,1,0.75,0,2,2,2,0,12,4165,108,7,0.2,0.6,other,2,0,5,0,0,0,public
2,2,5,2,2,27,0,0.285714286,8,1,0.470588235,0,2,15,0.5,7,0,1,0,0,17,4165,108,55,0.333333333,1,other,1,0,5,1,1,2,public
0,0,0,0,1,1,0,0,0,0,0,0,2,0,0,0,0,0,0,0,235,4143,24,1,1,0,other,0,0,1,0,0,1,package
0,0,0,0,1,1,0,0,0,0,0,0,2,0,0,0,0,0,0,0,235,4143,24,1,1,0,other,0,0,1,0,0,1,package
0,0,0,0,1,1,0,0,0,0,0,0,2,0,0,0,0,0,0,0,235,4143,24,1,1,0,other,0,0,1,0,0,1,package
0,0,0,7,7,438,0,1,0,1,0,0,1,6,0.7625,0,0,8,1,2,237,4143,24,18,0.6,1,other,9,0,11,0,9,0,public
0,4,1,2,6,111,0,0.666666667,2,1,0.5,0,2,4,0.455882353,0,2,2,0,0,77,4143,24,46,0.878787879,0.935483871,other,2,0,35,1,0,4,public
0,1,3,0,1,7,0,0,1,0,1,0,1,1,1,0,0,3,1,0,2,3884,40,3,1,1,other,3,0,2,0,0,0,public
0,1,0,0,1,3,0,0,1,0,1,0,2,15,0,5,0,0,0,1,41,3884,40,51,1,1,other,0,0,5,0,0,0,public
2,2,19,0,6,143,0,0,11,0,0.333333333,0,2,15,0,5,0,0,0,1,41,3884,40,51,1,1,other,0,0,5,0,0,0,public
0,2,0,0,2,22,0,0,1,0,1,0,2,11,0,10,0,0,0,0,32,4551,28,37,0,1,other,0,1,8,1,0,0,public
0,1,0,0,1,3,0,0,1,0,1,0,2,11,0,10,0,0,0,0,32,4551,28,37,0,1,other,0,1,8,1,0,0,public
0,2,0,0,1,3,0,0,1,0,1,0,2,11,0,10,0,0,0,0,32,4551,28,37,0,1,other,0,1,8,1,0,0,public
2,1,11,3,2,10,0,0.176470588,2,0,1,0,5,8,0.86013986,520,3,11,0,0,44,4551,28,32,1,0.428571429,other,7,0,14,0,0,0,public
2,0,10,3,11,171,2,0.230769231,5,5,0.294117647,0,2,7,0.921487603,44,5,11,0,0,54,4551,28,42,0.385714286,0.708333333,other,9,0,23,0,9,0,public
0,1,8,17,10,121,2,0.944444444,5,1,0.3125,0,3,21,0.944444444,123,3,3,0,1,161,4551,28,302,0.340243902,0.909090909,other,2,0,43,0,1,10,public
0,0,0,1,1,5,0,1,0,0,0,0,1,0,0.777777778,0,4,3,1,0,16,4305,35,7,0.238095238,0.428571429,other,3,0,7,0,3,0,public
0,1,0,2,1,9,0,1,0,0,0,0,1,0,0.777777778,0,4,3,1,0,16,4305,35,7,0.238095238,0.428571429,other,3,0,7,0,3,0,public
0,1,0,1,1,5,0,1,0,0,0,0,1,0,0.777777778,0,4,3,1,0,16,4305,35,7,0.238095238,0.428571429,other,3,0,7,0,3,0,public
0,0,0,0,4,137,0,0,2,0,0.666666667,0,6,3,0.75,114,0,1,0,0,16,4305,35,18,0.333333333,1,other,1,0,5,0,1,0,public
2,0,10,0,8,235,0,0,4,0,0.333333333,0,2,4,0,44,0,0,0,0,40,4305,35,13,1,0,other,0,0,1,0,0,0,package
0,1,0,0,9,177,0,0,4,0,0.444444444,1,7,12,1,158,0,9,0,0,39,4305,35,90,0,0.666666667,other,6,0,2,1,8,0,public
2,1,10,1,4,77,2,0.090909091,7,0,0.388888889,0,6,25,0.972906404,129,9,14,0,2,163,4305,35,93,0.073891626,0.607142857,other,10,0,30,5,12,3,public
0,4,0,1,6,120,0,1,2,3,0.666666667,1,1,4,0.933333333,0,0,1,0,14,591,4305,35,29,0.057142857,1,other,0,0,16,16,1,0,public
0,5,0,1,7,193,0,1,4,0,0.4,1,7,10,1,158,0,9,0,0,40,4305,35,91,0,0.666666667,other,6,0,2,1,8,0,public
2,4,9,6,7,177,1,0.428571429,2,0,0.1,0,1,4,0.95,0,0,8,2,2,203,4305,35,29,0.6,1,other,1,0,6,0,8,0,public
0,2,2,0,1,6,0,0,1,0,0.333333333,0,1,2,0,0,0,0,1,3,40,5527,85,6,0,1,other,0,0,2,0,0,0,public
0,2,1,0,1,3,0,0,1,0,1,0,1,2,0,0,0,0,1,3,40,5527,85,6,0,1,other,0,0,2,0,0,0,public
0,1,0,0,1,22,0,0,0,0,0,1,1,0,0,0,0,0,0,3,40,5527,85,2,0,1,other,0,0,2,2,0,0,public
2,4,13,1,3,47,0,0.071428571,2,9,0.333333333,0,7,5,0.363636364,77,1,2,0,0,11,5527,85,31,1,0.5,other,2,0,12,0,2,2,public
2,1,11,2,1,13,2,0.153846154,6,0,0.352941176,0,1,12,0.571428571,0,4,3,0,0,55,5527,85,49,0.8,0.733333333,other,3,0,15,0,3,0,public
3,4,32,8,8,363,2,0.177777778,13,4,0.30952381,0,7,14,0.947368421,59,12,10,0,1,40,5527,85,66,0.161904762,0.1875,other,8,0,20,0,7,1,public
3,4,34,4,6,119,2,0.105263158,11,0,0.34375,0,7,11,0.75,77,4,4,0,0,62,5527,85,40,0.466666667,0.2,other,4,0,7,0,4,2,public
3,4,28,5,7,127,2,0.151515152,16,3,0.363636364,0,1,38,0.926126126,0,17,15,1,2,126,5527,85,264,0.402898551,0.757142857,other,14,0,75,1,15,0,public
2,3,29,6,7,142,2,0.171428571,16,3,0.347826087,0,1,38,0.926126126,0,17,15,1,2,126,5527,85,264,0.402898551,0.757142857,other,14,0,75,1,15,0,public
3,4,52,6,6,157,2,0.103448276,6,0,0.077922078,0,7,6,0.895833333,77,5,6,0,0,51,5527,85,86,0.178571429,0.285714286,other,6,0,9,0,6,2,public
2,6,16,4,7,139,0,0.2,16,3,0.533333333,0,2,19,0.887755102,3,9,7,0,0,171,5527,85,59,0.252747253,0.357142857,other,7,0,15,0,7,0,public
2,4,22,4,7,160,2,0.153846154,5,2,0.217391304,0,7,6,0.875,59,2,4,0,0,171,5527,85,33,0.666666667,0.333333333,other,4,0,9,0,2,1,public
3,6,42,6,8,391,3,0.125,18,6,0.375,0,3,25,0.922222222,4,5,6,0,0,171,5527,85,87,0.222222222,0.5,other,5,0,16,0,6,0,public
0,1,0,1,1,4,0,1,0,0,0,0,1,2,0.5,0,0,1,1,0,215,5154,33,6,1,1,other,0,0,3,0,1,0,public
0,1,0,1,2,7,0,1,2,0,1,0,1,2,0.5,0,0,1,1,0,215,5154,33,6,1,1,other,0,0,3,0,1,0,public
1,5,8,2,1,32,0,0.2,1,0,1,0,2,4,0.9,109,0,2,3,0,215,5154,33,128,0.027777778,1,other,2,1,12,4,2,0,public
0,5,18,2,2,29,0,0.1,0,0,0,0,2,8,0.541666667,105,0,2,3,0,215,5154,33,129,0.681818182,1,other,1,0,13,0,2,0,public
0,0,0,9,6,241,0,1,2,5,0.5,0,1,4,0.977272727,0,0,16,1,0,16,5154,33,20,0.7,0.875,other,3,0,12,1,15,0,public
0,1,0,0,3,14,0,0,0,0,0,1,1,1,0.985714286,0,0,2,0,0,64,5715,80,38,0.001782531,0.971428571,other,0,0,34,34,1,0,public
0,1,0,0,1,3,0,0,0,1,0,1,1,1,0.985714286,0,0,2,0,0,64,5715,80,38,0.001782531,0.971428571,other,0,0,34,34,1,0,public
0,2,0,0,2,11,0,0,0,0,0,1,1,1,0.985714286,0,0,2,0,0,64,5715,80,38,0.001782531,0.971428571,other,0,0,34,34,1,0,public
2,0,13,3,4,46,2,0.2,5,1,0.294117647,0,3,6,0.916666667,72,2,2,0,0,47,5715,80,80,0.666666667,0.714285714,other,1,0,7,0,2,0,public
2,5,18,3,6,95,0,0.142857143,8,0,0.266666667,0,3,15,0.8,11,0,2,0,0,24,5715,80,91,1,1,other,0,0,11,0,1,0,public
1,4,3,2,6,228,0,0.4,13,2,0.433333333,1,1,18,0.884615385,0,0,2,0,1,161,5715,80,64,0.857142857,1,other,0,0,14,14,2,0,public
2,4,19,1,7,106,0,0.05,7,3,0.269230769,1,1,10,1,0,0,2,0,0,14,5715,80,56,1,1,other,0,0,8,8,2,0,public
0,0,0,0,1,2,0,0,0,0,0,0,1,11,0.666666667,0,0,2,0,0,165,5983,29,34,1,1,other,1,0,7,0,2,0,public
0,1,1,1,2,16,0,1,5,0,0.833333333,0,1,11,0.666666667,0,0,2,0,0,165,5983,29,34,1,1,other,1,0,7,0,2,0,public
0,1,2,1,2,33,0,1,7,0,0.7,0,1,11,0.666666667,0,0,2,0,0,165,5983,29,34,1,1,other,1,0,7,0,2,0,public
2,1,7,1,3,36,0,0.2,9,0,0.529411765,0,1,11,0.666666667,0,0,2,0,0,165,5983,29,34,1,1,other,1,0,7,0,2,0,public
2,1,7,1,2,43,0,0.2,8,0,0.615384615,0,1,11,0.666666667,0,0,2,0,0,165,5983,29,34,1,1,other,1,0,7,0,2,0,public
2,3,13,1,3,135,0,0.125,11,0,0.458333333,0,1,23,0.78125,0,0,4,0,0,165,5983,29,75,0.642857143,1,other,1,0,9,0,4,0,public
3,2,31,5,6,271,0,0.178571429,14,0,0.285714286,0,1,14,0.7,0,0,5,0,0,165,5983,29,63,0.833333333,1,other,4,0,5,0,5,0,public
2,2,13,3,3,102,0,0.2,12,0,0.5,0,1,24,0.704081633,0,0,7,0,0,165,5983,29,98,0.692307692,1,other,5,0,15,2,7,0,public
2,5,22,1,6,115,0,0.034482759,8,1,0.235294118,0,1,10,1,0,0,1,1,7,492,5983,29,58,0.022222222,1,other,0,0,11,0,1,0,public
0,2,1,3,1,7,0,1,4,0,1,0,5,7,0.949494949,0,1,9,3,6,334,5366,45,35,0.380952381,0,abstract,7,0,23,0,0,6,public
0,1,0,1,1,7,0,1,1,0,1,0,5,7,0.949494949,0,1,9,3,6,334,5366,45,35,0.380952381,0,abstract,7,0,23,0,0,6,public
0,0,1,3,3,31,0,0.75,1,3,1,0,5,7,0.949494949,0,1,9,3,6,334,5366,45,35,0.380952381,0,abstract,7,0,23,0,0,6,public
0,2,1,13,6,125,0,0.928571429,6,3,0.5,0,2,7,0.967592593,13,1,18,0,3,32,5366,45,41,0.666666667,1,other,5,1,14,1,1,9,public
0,6,1,12,6,118,0,0.923076923,7,1,0.388888889,1,1,12,0.992307692,0,0,13,0,0,15,5366,45,45,0.054545455,0.666666667,other,0,0,11,11,10,5,public
0,3,4,14,6,216,0,0.777777778,11,6,0.6875,0,7,22,0.979166667,85,0,24,1,0,200,5366,45,174,0.8,0.4,other,2,0,16,0,4,12,public
0,1,34,3,1,54,0,0.081081081,21,0,1,0,2,25,0.8875,15,1,10,1,1,424,5366,45,39,0.464285714,0.888888889,other,9,0,9,0,10,0,public
0,0,0,0,1,3,0,0,1,0,1,0,3,1,0,6,0,0,0,0,24,5518,54,6,1,1,other,0,0,1,0,0,0,public
0,2,0,2,1,4,0,1,0,0,0,0,2,0,1,2,1,2,0,0,24,5518,54,5,0,0.666666667,other,0,0,5,1,2,0,public
0,1,0,0,2,6,0,0,0,2,0,0,2,0,1,2,1,2,0,0,24,5518,54,5,0,0.666666667,other,0,0,5,1,2,0,public
2,4,11,3,3,99,0,0.214285714,4,1,0.266666667,0,1,13,0.944444444,0,0,6,0,0,59,5518,54,48,0,0,abstract,5,0,11,0,6,1,public
2,1,19,2,3,45,2,0.095238095,3,18,1,0,6,5,0.916666667,527,0,24,1,0,155,5518,54,44,0.213438735,1,other,24,0,25,0,1,0,public
3,4,52,0,6,333,0,0,7,0,0.5,0,2,7,0,17,0,0,0,11,1099,5518,54,15,1,1,other,0,1,2,0,0,0,package
0,0,0,0,1,3,0,0,1,0,1,0,2,4,0,3,0,0,0,0,79,5788,43,20,0,1,other,0,0,9,0,0,0,public
0,0,0,0,1,3,0,0,0,0,0,0,2,4,0,3,0,0,0,0,79,5788,43,20,0,1,other,0,0,9,0,0,0,public
0,0,0,0,1,3,0,0,0,0,0,0,2,4,0,3,0,0,0,0,79,5788,43,20,0,1,other,0,0,9,0,0,0,public
2,1,6,1,6,161,0,0.166666667,8,1,0.363636364,0,1,8,0.875,0,0,1,1,0,28,5788,43,35,0,1,other,0,0,9,0,1,0,public
0,1,2,2,4,41,0,0.666666667,3,1,0.6,0,3,7,0,11,0,0,0,0,240,5788,43,28,0,1,other,0,0,4,0,0,0,public
0,4,1,2,6,107,0,0.666666667,6,2,0.6,0,2,21,0.889705882,15,1,8,1,7,419,5788,43,67,0.714285714,1,other,4,0,18,0,7,0,public
0,0,0,0,1,37,0,0,1,0,1,0,3,1,0,13,0,0,0,0,6,5959,88,47,0,1,other,0,0,2,1,0,0,public
1,1,6,0,4,51,0,0,7,4,0.636363636,1,1,20,1,0,0,17,0,3,74,5959,88,45,0.6,0.3125,other,0,0,9,9,6,0,public
0,1,6,3,1,16,0,0.333333333,1,0,0.5,0,3,2,1,43,3,4,0,0,20,5768,24,54,0,0.222222222,other,0,0,5,0,0,0,public
0,1,1,0,1,3,0,0,2,0,1,0,3,2,1,43,3,4,0,0,20,5768,24,54,0,0.222222222,other,0,0,5,0,0,0,public
0,1,1,0,1,3,0,0,1,0,1,0,3,2,1,43,3,4,0,0,20,5768,24,54,0,0.222222222,other,0,0,5,0,0,0,public
0,0,1,0,1,3,0,0,1,0,1,0,3,2,1,43,3,4,0,0,20,5768,24,54,0,0.222222222,other,0,0,5,0,0,0,public
2,4,10,1,3,57,0,0.090909091,6,9,0.333333333,1,1,13,1,0,0,2,0,0,154,5768,24,77,0.175,1,final,0,0,22,21,1,0,public
0,1,2,3,8,103,0,0.428571429,3,4,0.428571429,0,1,5,1,0,0,6,0,0,21,5768,24,21,1,1,other,1,0,10,1,6,0,public
2,1,11,1,3,33,0,0.083333333,3,0,0.6,0,1,11,0.961538462,0,2,2,0,3,62,5768,24,37,0.090909091,0.785714286,other,1,0,14,9,1,0,public
0,5,0,13,6,150,0,1,1,7,1,0,1,1,0.840136054,0,1,21,0,0,277,5768,24,16,1,1,other,14,0,15,1,14,0,public
0,5,0,11,8,217,0,1,1,5,1,0,1,1,0.840136054,0,1,21,0,0,277,5768,24,16,1,1,other,14,0,15,1,14,0,public
3,5,35,2,6,345,0,0.048780488,16,4,0.207792208,0,2,60,0.961088435,35,25,49,0,11,2644,5768,24,420,0.405045045,0.722222222,other,47,0,76,0,1,11,public
2,8,12,5,7,115,0,0.294117647,17,9,0.377777778,0,1,44,0.950944171,0,50,28,0,11,2644,5768,24,348,0.610065583,0.617142857,other,9,0,174,4,4,1,public
2,4,15,4,9,150,0,0.19047619,17,2,0.485714286,0,1,48,0.967855056,0,10,29,0,11,2644,5768,24,255,0.624915825,0.655737705,other,16,0,60,1,15,0,public
0,5,0,11,6,110,0,1,0,1,0,0,1,1,0.918263091,0,3,29,0,11,2644,5768,24,31,0.6,0.24137931,final,6,0,27,8,8,0,public
3,5,35,6,7,223,3,0.146341463,7,4,0.189189189,0,1,9,0.859375,0,4,8,0,11,2644,5768,24,86,0.40952381,0.625,other,6,0,17,1,1,2,public
2,4,13,0,6,103,0,0,6,0,0.545454545,1,1,16,0.868421053,0,0,2,1,11,2644,5768,24,74,0.076190476,1,final,2,0,20,14,2,0,public
0,2,0,5,1,26,0,1,4,0,1,0,5,4,1,520,1,8,1,2,96,6560,28,10,0.666666667,0.5,other,6,0,5,0,6,0,public
0,1,0,2,1,6,0,1,1,0,1,0,5,4,1,520,1,8,1,2,96,6560,28,10,0.666666667,0.5,other,6,0,5,0,6,0,public
0,1,0,2,1,5,0,1,0,0,0,0,5,4,1,520,1,8,1,2,96,6560,28,10,0.666666667,0.5,other,6,0,5,0,6,0,public
1,0,5,1,3,35,0,0.2,4,2,0.666666667,0,1,8,0.777777778,0,0,3,0,2,96,6560,28,23,0.933333333,1,other,2,0,10,0,3,0,package
2,1,8,6,6,167,0,0.272727273,4,3,1,0,1,9,0.807692308,0,2,9,0,6,588,6560,28,46,0.504761905,0,other,6,0,27,3,9,0,package
2,4,10,6,7,194,0,0.428571429,11,3,0.423076923,0,2,33,0.977891156,102,20,35,0,7,1029,6560,28,350,0.238430211,0.625,other,14,0,85,2,21,4,public
1,4,4,0,7,197,0,0,1,1,0.142857143,0,1,1,0.859375,0,0,4,1,8,850,6560,28,30,0.509090909,1,other,0,0,17,0,4,0,public
0,0,0,1,1,5,0,1,1,0,1,0,1,9,0.875,0,4,6,0,1,14,6818,183,23,0.714285714,0.375,other,3,0,9,1,5,1,public
0,0,0,1,1,3,0,1,0,0,0,1,1,9,0.875,0,4,6,0,1,14,6818,183,23,0.714285714,0.375,other,3,0,9,1,5,1,public
0,1,1,4,2,15,0,1,4,1,0.8,0,1,9,0.875,0,4,6,0,1,14,6818,183,23,0.714285714,0.375,other,3,0,9,1,5,1,public
0,1,0,1,1,3,0,1,1,0,1,0,1,9,0.875,0,4,6,0,1,14,6818,183,23,0.714285714,0.375,other,3,0,9,1,5,1,public
2,0,10,6,7,167,0,0.4,11,2,0.458333333,0,1,15,0.813186813,0,2,7,1,0,12,6818,183,47,0.619047619,0.857142857,other,7,0,14,0,3,1,public
1,4,3,2,7,160,0,0.4,2,8,0.333333333,0,2,4,0.820512821,10,0,3,0,0,19,6818,183,39,0,1,other,0,0,14,0,3,0,public
0,0,0,0,1,2,0,0,0,0,0,0,1,1,0,0,0,0,3,1,59,7232,64,3,1,0,abstract,0,0,2,0,0,0,public
0,2,0,0,1,4,0,0,1,0,1,0,1,1,0,0,0,0,3,1,59,7232,64,3,1,0,abstract,0,0,2,0,0,0,public
0,1,0,2,1,4,0,1,0,0,0,0,2,3,0.5,1,0,2,0,1,59,7232,64,11,1,1,other,2,0,5,0,2,0,public
0,2,0,2,1,4,0,1,0,0,0,0,2,3,0.5,1,0,2,0,1,59,7232,64,11,1,1,other,2,0,5,0,2,0,public
2,2,9,0,2,56,0,0,1,2,1,0,1,2,0.84375,0,0,4,0,1,72,7232,64,27,1,1,other,3,0,25,0,4,0,public
0,1,0,1,1,3,0,1,0,1,0,0,1,2,0.84375,0,0,4,0,1,72,7232,64,27,1,1,other,3,0,25,0,4,0,public
2,1,10,1,5,441,0,0.090909091,2,0,0.125,0,1,20,0.944444444,0,0,4,1,1,72,7232,64,102,0.318181818,1,other,3,0,46,3,4,0,public
0,4,0,1,10,223,0,1,6,1,0.5,0,2,12,0.666666667,17,0,2,0,10,972,7232,64,49,0.818181818,1,other,1,0,13,0,2,5,public
0,1,1,7,1,14,0,0.875,5,0,1,0,2,22,0.812244898,18,9,7,1,1,188,6880,22,117,0.242424242,0.742857143,other,8,0,36,0,0,0,public
0,1,5,7,1,15,0,0.583333333,7,0,0.777777778,0,2,22,0.812244898,18,9,7,1,1,188,6880,22,117,0.242424242,0.742857143,other,8,0,36,0,0,0,public
0,1,0,8,1,14,0,1,3,1,1,0,2,22,0.812244898,18,9,7,1,1,188,6880,22,117,0.242424242,0.742857143,other,8,0,36,0,0,0,public
0,1,0,9,1,13,0,1,3,0,1,0,2,22,0.812244898,18,9,7,1,1,188,6880,22,117,0.242424242,0.742857143,other,8,0,36,0,0,0,public
0,1,4,9,3,105,0,0.692307692,4,0,0.571428571,0,1,4,0.821428571,0,1,14,1,1,188,6880,22,15,1,0.285714286,other,7,0,5,0,7,0,public
0,11,0,2,6,346,0,0.133333333,2,0,1,1,2,26,0.884328358,25,19,16,1,2,681,6880,22,189,0.512156863,0.641509434,other,9,0,68,16,17,1,public
0,5,1,1,6,102,0,0.5,1,1,0.333333333,1,2,23,0.766037736,25,22,10,1,2,681,6880,22,158,0.442375887,0.551020408,other,14,0,51,5,2,1,public
0,11,5,4,7,309,0,0.444444444,1,0,0.25,0,1,12,0.89010989,0,2,13,1,3,144,6880,22,67,0.58008658,0.913043478,other,8,0,29,0,6,0,public
1,12,5,2,6,367,0,0.285714286,1,0,0.333333333,0,1,12,0.89010989,0,2,13,1,3,144,6880,22,67,0.58008658,0.913043478,other,8,0,29,0,6,0,public
3,13,23,3,6,135,0,0.115384615,8,3,0.32,0,1,16,0.827272727,0,3,10,0,4,301,6880,22,86,0.490909091,0.6,other,16,0,23,0,15,0,public
2,11,13,4,8,107,0,0.181818182,9,2,0.45,0,1,67,0.692036646,0,3,43,2,4,301,6880,22,219,0.501893939,0.36,other,94,0,34,0,0,22,public
2,11,20,8,6,152,0,0.285714286,9,1,0.529411765,0,1,67,0.692036646,0,3,43,2,4,301,6880,22,219,0.501893939,0.36,other,94,0,34,0,0,22,public
2,8,18,0,6,224,2,0,13,0,0.565217391,1,1,20,0,0,0,0,0,0,54,6880,22,47,0,1,other,0,0,3,3,0,0,public
1,4,5,10,8,165,0,0.666666667,4,0,0.571428571,0,1,37,0.787715517,0,3,29,2,1,74,6880,22,161,0.577777778,0.4375,other,50,0,33,0,51,0,public
2,24,12,6,7,646,3,0.333333333,4,2,0.5,0,1,37,0.787715517,0,3,29,2,1,74,6880,22,161,0.577777778,0.4375,other,50,0,33,0,51,0,public
2,29,18,7,8,673,3,0.28,5,3,0.5,0,1,37,0.787715517,0,3,29,2,1,74,6880,22,161,0.577777778,0.4375,other,50,0,33,0,51,0,public
2,26,19,7,8,576,3,0.269230769,5,3,0.384615385,0,1,37,0.787715517,0,3,29,2,1,74,6880,22,161,0.577777778,0.4375,other,50,0,33,0,51,0,public
0,1,0,4,1,12,0,1,1,1,1,1,1,8,0.901176471,0,5,17,0,2,112,7652,22,58,0.463157895,0.344827586,final,9,0,26,8,3,0,public
0,1,0,4,1,10,0,1,0,1,0,1,1,8,0.901176471,0,5,17,0,2,112,7652,22,58,0.463157895,0.344827586,final,9,0,26,8,3,0,public
0,1,0,0,1,6,0,0,0,1,0,1,1,8,0.901176471,0,5,17,0,2,112,7652,22,58,0.463157895,0.344827586,final,9,0,26,8,3,0,public
2,4,39,21,2,239,0,0.35,9,2,0.642857143,1,1,21,0.95082994,0,47,31,0,2,112,7652,22,173,0.389404247,0.464912281,other,26,0,104,37,10,0,public
2,5,14,1,6,105,0,0.066666667,6,0,0.461538462,0,3,30,0,183,0,0,0,12,2196,7652,22,427,0,0,other,0,0,11,1,0,0,public
2,5,16,0,7,103,0,0,11,1,0.578947368,1,1,16,0.53125,0,0,2,0,12,2196,7652,22,57,0.458333333,1,other,2,0,17,5,0,0,public
2,7,21,0,6,145,0,0,12,1,0.6,1,3,31,0.952380952,58,0,4,0,12,2196,7652,22,224,0.073529412,1,other,4,0,22,3,0,0,public
2,5,13,3,6,132,0,0.176470588,7,3,0.538461538,0,2,48,0.848148148,48,0,4,0,12,2196,7652,22,369,0.82852377,0,other,3,0,136,0,0,3,public
2,4,7,2,6,122,0,0.2,5,2,1,1,1,25,0.972348485,0,31,40,1,12,2196,7652,22,123,0.15625,0.430769231,other,30,0,67,6,4,0,public
2,8,11,2,6,143,0,0.153846154,4,5,0.666666667,0,1,15,0.960606061,0,10,22,1,1,168,7652,22,110,0.235028249,0.782608696,other,7,0,61,0,8,0,public
2,4,11,19,7,429,0,0.59375,3,12,0.5,0,1,17,0.980105001,0,6,94,0,0,114,7652,22,132,0.218461538,0.793103448,other,44,0,78,16,94,2,public
0,6,2,19,7,183,0,0.904761905,1,2,0.25,0,1,3,0.875331565,0,1,39,0,0,121,7652,22,42,0.849002849,0.75,other,28,0,30,0,1,19,public
0,1,0,1,1,3,0,1,0,0,0,0,2,3,1,44,0,4,0,0,133,8059,110,10,1,1,other,0,0,4,2,4,0,public
3,4,33,10,6,129,0,0.23255814,9,2,0.225,0,2,9,0.966666667,15,1,10,0,1,16,8059,110,50,0.083333333,0.9,other,10,0,10,0,10,0,public
0,1,0,7,1,10,0,1,1,0,1,0,1,6,0.818181818,0,0,11,0,5,360,9246,40,22,1,1,other,4,1,5,0,2,0,public
1,2,11,4,2,18,0,0.266666667,3,0,0.5,0,1,6,0.818181818,0,0,11,0,5,360,9246,40,22,1,1,other,4,1,5,0,2,0,public
2,3,8,0,2,25,0,0,1,0,1,0,1,6,0.818181818,0,0,11,0,5,360,9246,40,22,1,1,other,4,1,5,0,2,0,public
2,4,8,8,7,251,0,0.4,6,3,0.4,0,1,32,0.970739065,0,9,65,2,5,360,9246,40,125,0.283391405,0.717948718,other,25,0,49,8,23,3,public
0,1,0,0,1,4,0,0,1,0,1,1,1,1,0,0,0,0,0,2,282,9900,48,2,1,1,other,0,0,1,1,0,0,public
0,1,0,4,1,13,0,1,2,1,0.4,1,2,5,1,12,0,3,0,2,282,9900,48,33,0.333333333,0.666666667,other,1,0,4,1,0,2,public
0,0,0,0,1,4,0,0,1,0,1,0,2,5,1,12,0,3,0,2,282,9900,48,33,0.333333333,0.666666667,other,1,0,4,1,0,2,public
1,0,7,2,3,39,0,0.222222222,4,0,0.5,0,1,27,0.949094047,0,2,19,0,2,282,9900,48,160,0.623163842,0.1,other,9,1,63,1,1,59,public
0,4,1,4,6,117,0,0.8,4,0,0.363636364,1,1,20,0.958823529,0,1,10,2,8,135,9900,48,61,0.515151515,0.9,other,3,0,18,5,8,0,public
3,0,52,10,8,394,3,0.158730159,23,7,0.469387755,0,1,26,0.939102564,0,8,13,0,7,317,9900,48,92,0.301470588,0.736842105,other,12,0,25,4,0,1,public
0,0,7,13,7,102,0,0.65,12,4,0.545454545,0,4,38,0.93768997,59,6,14,1,11,379,9900,48,249,0.399460189,0.85,other,12,0,48,1,0,4,public
0,0,0,4,1,5,0,1,0,0,0,0,1,0,0,0,0,7,1,0,66,8798,21,1,1,0.083333333,other,11,1,2,0,0,0,public
0,3,0,2,1,27,0,1,0,0,0,0,5,0,1,520,0,2,1,0,66,8798,21,2,1,1,other,0,0,2,0,2,0,public
0,1,0,0,1,3,0,0,0,1,0,0,1,0,0.285714286,0,3,3,0,1,86,8322,36,8,0.7,0.571428571,other,5,0,8,0,0,0,public
0,2,0,2,1,4,0,1,0,0,0,0,1,0,0.285714286,0,3,3,0,1,86,8322,36,8,0.7,0.571428571,other,5,0,8,0,0,0,public
3,4,16,6,6,289,2,0.272727273,28,5,0.538461538,0,5,53,0.928571429,565,0,7,0,1,373,8322,36,127,1,0.5,final,1,0,9,0,5,0,public
3,5,31,0,7,150,0,0,9,1,0.3,0,2,22,0.993006993,11,0,11,0,11,2231,8322,36,86,1,0.411764706,other,0,0,14,0,1,0,public
0,0,0,0,1,1,0,0,0,0,0,0,4,4,1,23,1,1,0,3,455,10364,29,9,0,0.75,other,0,0,4,1,1,0,public
0,0,0,1,1,1,0,1,0,0,0,0,4,4,1,23,1,1,0,3,455,10364,29,9,0,0.75,other,0,0,4,1,1,0,public
2,2,19,1,5,54,0,0.05,0,0,0,0,5,7,0.894179894,170,4,7,1,3,455,10364,29,190,0.263333333,0.80952381,other,6,0,28,0,7,6,public
0,9,2,1,6,124,0,0.5,2,0,1,0,1,15,0.933333333,0,3,6,0,4,2415,10364,29,28,0.428571429,0.625,other,2,0,11,0,0,1,public
0,0,0,0,1,4,0,0,0,1,0,0,1,7,0.779220779,0,5,7,1,6,299,10384,42,38,0.785714286,0.739130435,other,5,0,23,0,2,1,public
0,1,0,0,1,5,0,0,0,1,0,0,1,7,0.779220779,0,5,7,1,6,299,10384,42,38,0.785714286,0.739130435,other,5,0,23,0,2,1,public
0,0,0,2,1,11,0,1,0,0,0,0,1,7,0.779220779,0,5,7,1,6,299,10384,42,38,0.785714286,0.739130435,other,5,0,23,0,2,1,public
0,4,4,11,3,141,2,0.733333333,9,0,0.692307692,1,3,15,0.913580247,50,2,9,1,4,961,10384,42,116,0.333333333,0.933333333,final,9,0,19,6,9,0,package
1,9,5,3,6,152,0,0.375,8,0,0.533333333,0,3,9,1,34,0,4,0,5,754,10384,42,75,0.476190476,1,other,0,0,8,2,4,0,public
0,1,0,1,1,3,0,1,0,0,0,0,1,0,0.5,0,1,1,0,1,66,10153,54,3,1,0.666666667,other,1,0,3,0,1,0,public
0,0,0,1,1,3,0,1,0,0,0,0,1,0,0.5,0,1,1,0,1,66,10153,54,3,1,0.666666667,other,1,0,3,0,1,0,public
0,0,0,1,1,4,0,1,0,0,0,0,1,0,0.5,0,1,1,0,1,66,10153,54,3,1,0.666666667,other,1,0,3,0,1,0,public
0,1,3,3,7,325,0,0.5,5,0,0.625,0,1,5,1,0,0,5,1,2,95,10153,54,11,1,1,other,1,0,3,0,5,0,public
2,4,8,9,9,192,0,0.529411765,14,5,0.318181818,0,5,26,0.93877551,27,3,14,2,2,253,10153,54,143,0.404411765,0.8125,other,5,0,22,1,13,2,public
2,4,10,5,6,118,2,0.277777778,15,1,0.46875,0,2,24,0.976190476,5,0,6,1,2,1168,10153,54,71,0.047619048,1,final,1,0,8,1,2,0,public
0,0,0,0,1,3,0,0,0,0,0,0,1,3,0.903846154,0,3,4,1,0,11,11967,149,19,0.076923077,0.785714286,other,4,0,14,1,4,0,public
0,0,0,1,1,4,0,1,0,0,0,0,1,3,0.903846154,0,3,4,1,0,11,11967,149,19,0.076923077,0.785714286,other,4,0,14,1,4,0,public
0,0,0,1,1,4,0,1,0,0,0,0,1,3,0.903846154,0,3,4,1,0,11,11967,149,19,0.076923077,0.785714286,other,4,0,14,1,4,0,public
2,0,13,3,3,250,0,0.1875,12,0,0.461538462,0,3,12,1,45,4,5,0,0,113,11967,149,120,0,0.555555556,other,5,0,9,0,5,0,public
2,4,11,5,3,186,0,0.3125,11,2,0.333333333,0,1,20,0.926339286,0,12,14,1,1,153,11967,149,166,0.260651629,0,abstract,11,0,10,0,14,6,public
2,1,10,4,3,28,0,0.285714286,1,0,1,0,2,2,0.5,21,0,1,0,0,190,11967,149,30,1,1,final,1,0,3,0,1,0,public
2,4,13,35,10,1134,2,0.660377358,30,12,0.38961039,0,2,43,0.969211823,10,27,28,0,15,386,11967,149,190,0.295238095,0.357142857,other,20,0,59,5,28,0,public
2,2,8,0,2,38,0,0,4,0,0.363636364,0,3,4,0,14,0,0,0,0,74,11709,382,28,0,1,other,0,1,3,0,0,0,public
1,1,5,1,6,108,0,0.166666667,6,0,0.4,0,2,12,0.714285714,9,1,3,0,0,180,11709,382,69,0.642105263,0.928571429,other,3,0,21,0,0,7,public
3,7,27,7,7,204,0,0.21875,26,1,0.376811594,0,1,28,0.8125,0,0,8,0,0,99,11709,382,79,1,1,other,8,0,5,0,8,0,public
0,8,0,6,6,112,0,1,8,7,0.888888889,0,2,17,0.964791427,60,27,39,2,5,1076,11810,69,163,0.129032258,0.458333333,other,26,0,68,0,26,5,public
0,1,0,0,1,4,0,0,0,1,0,1,1,8,0,0,0,0,0,4,129,12486,133,20,0,1,final,0,0,1,1,0,0,public
1,4,6,5,5,183,0,0.454545455,13,1,0.464285714,0,1,17,0.931372549,0,8,6,0,4,129,12486,133,53,0.736263736,0.5,other,5,0,12,0,5,0,public
0,9,2,9,8,125,0,0.75,4,3,0.363636364,0,2,24,0.899782135,69,2,17,1,6,1771,12486,133,226,0.574879227,0.935483871,other,14,0,47,3,14,10,package
2,4,16,1,9,175,0,0.058823529,9,1,0.529411765,0,2,16,1,4,0,2,0,6,1771,12486,133,35,0.166666667,1,final,1,1,6,1,1,0,package
0,0,0,1,1,6,0,1,0,0,0,0,5,3,1,49,0,1,0,1,182,15627,106,79,0,1,final,0,1,3,0,1,0,public
0,2,1,0,1,7,0,0,3,0,1,0,5,3,1,49,0,1,0,1,182,15627,106,79,0,1,final,0,1,3,0,1,0,public
0,0,0,18,1,21,0,1,1,0,1,0,4,10,0.961309524,41,21,24,1,1,182,15627,106,110,0.259259259,0.16,final,22,0,29,0,19,4,public
0,5,0,5,6,101,0,1,5,8,0.714285714,0,3,24,0.859728507,20,2,13,1,0,135,15627,106,121,0.462184874,0.875,other,12,0,35,2,0,27,public
2,4,14,0,6,248,0,0,2,2,0.5,0,1,2,0,0,0,0,1,0,7,15627,106,7,1,1,other,0,0,3,0,0,0,public
0,1,0,1,1,3,0,1,0,0,0,0,1,5,1,0,0,3,1,0,19,13676,37,28,0.006535948,1,other,2,0,19,0,3,0,public
3,1,26,15,4,206,2,0.365853659,16,1,0.470588235,0,3,25,1,22,0,5,0,1,1182,13676,37,168,0.133333333,1,other,4,0,11,0,1,9,public
2,6,20,19,3,103,2,0.487179487,13,2,0.333333333,0,1,27,0.924768519,0,3,27,2,1,1182,13676,37,145,0.251231527,0.545454545,other,26,0,33,0,1,23,public
3,4,41,11,6,381,3,0.229166667,6,1,0.25,0,3,32,0.987599935,0,41,81,1,16,3633,13676,37,500,0.092497172,0,abstract,25,0,224,11,27,5,public
2,5,15,1,7,126,0,0.066666667,12,0,0.5,1,2,12,0.958333333,0,4,3,1,2,153,13676,37,37,0.285714286,0,abstract,2,0,9,1,3,0,public
0,2,0,2,1,5,0,1,0,0,0,0,1,1,0.833333333,0,1,3,0,2,428,17113,66,4,1,0.666666667,other,3,0,3,0,0,0,public
0,1,0,1,1,4,0,1,0,0,0,0,1,1,0.833333333,0,1,3,0,2,428,17113,66,4,1,0.666666667,other,3,0,3,0,0,0,public
0,1,4,18,6,128,0,0.818181818,8,3,0.666666667,0,2,27,0.975833333,47,2,50,0,0,75,17113,66,196,0.437229437,0.6,other,37,0,25,1,4,18,public
2,5,9,14,7,157,2,0.608695652,10,4,0.4,0,2,27,0.975833333,47,2,50,0,0,75,17113,66,196,0.437229437,0.6,other,37,0,25,1,4,18,public
0,2,0,1,2,7,0,1,1,0,1,0,1,3,0.666666667,0,0,1,1,5,203,17321,75,11,0.666666667,1,other,1,0,7,1,1,0,public
0,3,0,1,1,4,0,1,1,0,1,0,1,3,0.666666667,0,0,1,1,5,203,17321,75,11,0.666666667,1,other,1,0,7,1,1,0,public
0,1,0,0,5,161,0,0,1,4,0.25,1,1,3,0.828571429,0,0,10,2,5,203,17321,75,14,0.75,0.857142857,other,9,1,9,1,0,2,public
0,12,0,3,7,104,0,1,4,7,0.8,0,1,14,0.955,0,11,8,2,5,203,17321,75,106,0.511836735,0.388888889,other,8,1,52,2,0,32,public
0,6,4,21,6,193,0,0.84,4,2,0.363636364,0,1,10,0.684210526,0,2,19,1,0,254,17321,75,58,0.8,0.6,other,21,1,11,0,0,5,public
0,0,0,0,1,5,0,0,1,0,1,0,4,3,0,67,0,0,0,0,17,18015,125,41,0,1,other,0,0,3,0,0,2,package
0,0,1,1,2,5,0,1,3,0,0.75,0,4,3,0,67,0,0,0,0,17,18015,125,41,0,1,other,0,0,3,0,0,2,package
0,1,1,1,1,5,0,1,3,0,0.75,0,4,3,0,67,0,0,0,0,17,18015,125,41,0,1,other,0,0,3,0,0,2,package
0,5,0,0,7,388,0,0,3,2,0.6,0,1,3,0,0,0,0,1,1,36,18015,125,9,0,1,other,0,1,5,0,0,0,public
0,3,1,2,2,8,0,0.666666667,2,0,1,0,7,3,1,0,0,2,0,0,79,17693,77,7,1,0,abstract,2,0,2,0,0,1,public
0,1,0,1,3,11,0,1,2,0,0.666666667,0,7,3,1,0,0,2,0,0,79,17693,77,7,1,0,abstract,2,0,2,0,0,1,public
0,8,0,6,10,245,0,1,2,14,1,1,1,7,0.965079365,0,0,15,0,7,753,17693,77,35,1,0.166666667,other,0,0,22,22,0,0,public
0,1,0,0,1,3,0,0,0,0,0,0,5,0,0,15,0,0,0,0,8,19618,133,1,1,1,final,0,0,1,0,0,0,public
0,0,0,0,1,3,0,0,0,0,0,0,4,0,0,15,0,0,0,0,8,19618,133,4,1,1,final,0,0,4,0,0,0,public
3,1,28,15,4,176,0,0.348837209,16,0,0.666666667,0,1,20,0.953125,0,0,16,1,0,5,19618,133,37,1,1,other,16,0,5,1,16,0,public
2,1,7,0,6,108,0,0,10,1,0.454545455,1,1,10,0,0,0,0,0,0,25,19618,133,24,1,1,final,0,0,2,2,0,0,public
0,1,0,0,1,4,0,0,1,1,1,0,3,15,0.96,50,0,5,0,0,16,1092,16,137,0.222222222,0.875,other,4,0,11,0,0,4,public
0,0,0,0,1,8,0,0,0,1,0,0,3,15,0.96,50,0,5,0,0,16,1092,16,137,0.222222222,0.875,other,4,0,11,0,0,4,public
0,0,0,6,2,20,0,1,3,0,1,0,3,15,0.96,50,0,5,0,0,16,1092,16,137,0.222222222,0.875,other,4,0,11,0,0,4,public
0,0,2,4,2,21,0,0.666666667,4,0,0.8,0,3,15,0.96,50,0,5,0,0,16,1092,16,137,0.222222222,0.875,other,4,0,11,0,0,4,public
2,3,11,4,6,339,2,0.266666667,14,1,0.358974359,0,1,15,0.9,0,2,5,3,0,168,1092,16,56,0.177777778,0.666666667,other,3,0,11,0,0,1,public
0,2,1,2,2,13,0,0.666666667,3,1,1,0,1,5,0.8,0,0,3,2,0,17,1092,16,11,0.6,1,other,3,0,6,0,0,1,public
