severity,NOP_method,ATFD_method,MAXNESTING_method,LOC_method,LAA_method,FANOUT_method,CLNAMM_method,CDISP_method,isStatic_method,AMW_type,CBO_type,DIT_type,FANOUT_type,LCOM5_type,MaMCL_method,NIM_type,NOAM_type,NOII_type,NOI_package,NOMNAMM_package,NOM_project,NOPK_project,RFC_type,TCC_type,WMC_type,WOC_type,modifier_type,num_final_attributes,num_not_final_not_static_attributes,number_constructor_DefaultConstructor_methods,number_not_final_static_methods,number_package_visibility_attributes,number_private_visibility_attributes,number_protected_visibility_methods,number_static_methods,visibility_type
0,0,0,1,3,1,1,1,1,0,1.5,5,3,1,1,0,32,0,0,0,72,254,2,56,1,9,0.5,other,0,2,0,0,0,0,0,0,public
0,0,0,1,3,1,1,1,1,0,1.5,5,3,1,1,0,32,0,0,0,72,254,2,56,1,9,0.5,other,0,2,0,0,0,0,0,0,public
0,1,0,1,5,0,1,0,1,0,1.5,5,3,1,1,0,32,0,0,0,72,254,2,56,1,9,0.5,other,0,2,0,0,0,0,0,0,public
0,1,2,2,11,0,0,1,0,0,1.5,5,3,1,1,0,32,0,0,0,72,254,2,56,1,9,0.5,other,0,2,0,0,0,0,0,0,public
0,1,2,2,11,0,0,1,0,0,1.5,5,3,1,1,0,32,0,0,0,72,254,2,56,1,9,0.5,other,0,2,0,0,0,0,0,0,public
0,1,2,2,11,0,0,0,0,0,1.5,5,3,1,1,0,32,0,0,0,72,254,2,56,1,9,0.5,other,0,2,0,0,0,0,0,0,public
0,0,5,3,29,0.285714286,1,0,0.333333333,0,5,6,3,1,0,0,32,0,0,0,72,254,2,52,1,5,0.25,other,0,3,0,0,0,0,0,0,public
0,2,0,1,3,0,1,0,1,0,1,1,4,1,0,0,15,0,0,1,100,245,4,9,1,4,1,other,0,0,0,0,0,0,0,0,public
0,4,0,1,3,0,1,0,1,0,1,1,4,1,0,0,15,0,0,1,100,245,4,9,1,4,1,other,0,0,0,0,0,0,0,0,public
0,2,0,1,3,0,1,0,1,0,1,1,4,1,0,0,15,0,0,1,100,245,4,9,1,4,1,other,0,0,0,0,0,0,0,0,public
0,3,0,1,3,0,1,0,1,0,1,1,4,1,0,0,15,0,0,1,100,245,4,9,1,4,1,other,0,0,0,0,0,0,0,0,public
0,0,10,3,33,0.294117647,5,3,0.833333333,0,11.31034483,27,1,25,0.723214286,0,0,0,1,1,100,245,4,87,1,328,1,other,0,4,0,6,3,1,0,6,public
0,5,9,4,48,0.166666667,1,6,0.333333333,0,11.31034483,27,1,25,0.723214286,0,0,0,1,1,100,245,4,87,1,328,1,other,0,4,0,6,3,1,0,6,public
3,1,56,6,523,0.3,7,6,0.368421053,0,11.31034483,27,1,25,0.723214286,0,0,0,1,1,100,245,4,87,1,328,1,other,0,4,0,6,3,1,0,6,public
3,2,83,6,257,0.023529412,3,4,0.6,0,6.870967742,36,1,4,0.666666667,0,0,0,0,0,54,245,4,44,1,213,1,other,0,2,0,1,2,0,0,1,public
0,1,0,1,5,0,0,0,0,0,1,4,2,0,0,0,11,0,0,0,5,541,11,21,0,2,1,other,0,0,1,0,0,0,0,0,public
0,1,0,1,4,0,0,0,0,0,1,4,2,0,0,0,11,0,0,0,5,541,11,21,0,2,1,other,0,0,1,0,0,0,0,0,public
0,1,0,1,5,0,0,1,0,0,1.333333333,5,2,2,0,0,7,0,0,0,5,541,11,15,0,4,1,other,0,0,0,0,0,0,0,0,public
0,2,0,2,12,0,2,0,1,0,1.333333333,5,2,2,0,0,7,0,0,0,5,541,11,15,0,4,1,other,0,0,0,0,0,0,0,0,public
0,0,0,1,3,0,0,0,0,0,1.333333333,5,2,2,0,0,7,0,0,0,5,541,11,15,0,4,1,other,0,0,0,0,0,0,0,0,public
0,0,0,1,4,1,0,0,0,0,1,9,1,3,0.971794872,0,0,39,0,0,27,541,11,58,0.087179487,40,0.025,other,0,19,1,0,0,20,0,0,public
2,7,9,5,176,0.1,3,2,0.428571429,1,2.5,6,1,5,1,0,0,0,0,1,60,541,11,31,0.784313725,45,1,other,0,0,0,18,0,1,0,18,public
0,0,0,2,18,0,1,0,1,0,3.333333333,2,5,2,0,0,72,0,0,0,28,502,4,6,1,10,1,other,0,0,0,1,0,0,0,1,public
0,4,1,2,27,0,1,1,0.5,0,3.333333333,2,5,2,0,0,72,0,0,0,28,502,4,6,1,10,1,other,0,0,0,1,0,0,0,1,public
0,0,1,3,12,0,1,0,0.5,1,3.333333333,2,5,2,0,0,72,0,0,0,28,502,4,6,1,10,1,other,0,0,0,1,0,0,0,1,public
0,0,0,1,7,1,1,0,1,0,1.833333333,1,1,1,0.937304075,0,0,6,1,0,28,502,4,31,0.261083744,55,0.8,other,5,6,0,0,0,0,0,0,public
0,2,0,1,4,0,0,1,0,0,1.833333333,1,1,1,0.937304075,0,0,6,1,0,28,502,4,31,0.261083744,55,0.8,other,5,6,0,0,0,0,0,0,public
0,2,0,3,30,1,0,0,0,0,1.833333333,1,1,1,0.937304075,0,0,6,1,0,28,502,4,31,0.261083744,55,0.8,other,5,6,0,0,0,0,0,0,public
3,3,15,7,206,0.428571429,5,12,0.454545455,0,4.829787234,10,1,11,0.949275362,0,0,9,2,5,277,502,4,77,0.493589744,227,0.709677419,other,24,24,1,0,0,13,9,2,public
2,3,0,7,111,1,2,4,0.333333333,1,7.714285714,1,1,2,0.9,0,0,0,0,5,277,502,4,17,0.3,54,0,other,3,0,0,7,0,5,0,7,package
0,1,19,1,7,0.095238095,1,1,1,0,2.166666667,9,2,8,0.989966555,0,8,15,1,5,277,502,4,41,0.177865613,52,0.285714286,other,16,7,0,0,0,1,3,0,public
0,1,0,3,18,0,1,1,1,1,2,0,1,10,0,0,0,0,0,4,106,585,3,15,0,8,1,other,0,0,0,4,0,0,0,4,public
0,0,0,1,8,0,0,1,0,1,2,0,1,10,0,0,0,0,0,4,106,585,3,15,0,8,1,other,0,0,0,4,0,0,0,4,public
0,0,0,2,14,0,0,0,0,1,2,0,1,10,0,0,0,0,0,4,106,585,3,15,0,8,1,other,0,0,0,4,0,0,0,4,public
0,1,0,2,31,0,9,0,0.9,1,2,0,1,10,0,0,0,0,0,4,106,585,3,15,0,8,1,other,0,0,0,4,0,0,0,4,public
0,3,0,1,7,1,0,0,0,0,1,2,1,1,0.5,0,0,0,0,4,106,585,3,4,1,2,1,other,0,3,0,0,3,0,0,0,package
0,1,5,3,22,0,1,0,0.5,0,2.636363636,3,1,3,1,0,0,1,1,5,451,585,3,18,0,29,0.888888889,final,0,3,0,0,0,3,0,0,protected
0,2,0,5,79,1,4,1,1,0,2.5,10,2,4,0.6,0,14,0,0,0,34,629,13,34,0.5,10,1,other,1,4,0,0,0,5,2,0,public
0,0,0,3,15,1,0,0,0,0,2.5,10,2,4,0.6,0,14,0,0,0,34,629,13,34,0.5,10,1,other,1,4,0,0,0,5,2,0,public
0,1,0,2,12,1,0,0,0,0,2.5,10,2,4,0.6,0,14,0,0,0,34,629,13,34,0.5,10,1,other,1,4,0,0,0,5,2,0,public
0,0,0,1,3,0,0,0,0,0,2.5,10,2,4,0.6,0,14,0,0,0,34,629,13,34,0.5,10,1,other,1,4,0,0,0,5,2,0,public
0,1,2,3,32,0,1,0,1,0,6,3,1,1,0,0,0,0,1,0,34,629,13,2,1,6,0,other,0,0,1,0,0,0,0,0,package
2,3,0,6,134,0.636363636,1,13,1,0,3.873015873,3,2,5,0.95371669,0,0,9,3,0,101,629,13,77,0.383503401,244,0,abstract,9,14,0,1,0,4,19,1,public
2,3,3,6,122,0.5,2,10,0.5,0,3.873015873,3,2,5,0.95371669,0,0,9,3,0,101,629,13,77,0.383503401,244,0,abstract,9,14,0,1,0,4,19,1,public
0,0,0,1,4,1,1,0,1,0,1.545454545,0,1,1,0.3,0,0,0,0,0,16,641,14,12,0.622222222,17,1,other,0,1,0,0,0,1,0,0,public
0,0,0,1,3,1,0,0,0,0,1.545454545,0,1,1,0.3,0,0,0,0,0,16,641,14,12,0.622222222,17,1,other,0,1,0,0,0,1,0,0,public
0,0,0,1,3,0,1,0,1,0,1.545454545,0,1,1,0.3,0,0,0,0,0,16,641,14,12,0.622222222,17,1,other,0,1,0,0,0,1,0,0,public
0,1,0,2,6,1,0,0,0,0,1.545454545,0,1,1,0.3,0,0,0,0,0,16,641,14,12,0.622222222,17,1,other,0,1,0,0,0,1,0,0,public
0,1,0,2,10,1,0,0,0,0,1.545454545,0,1,1,0.3,0,0,0,0,0,16,641,14,12,0.622222222,17,1,other,0,1,0,0,0,1,0,0,public
2,2,10,6,181,0.166666667,9,1,0.375,0,7.285714286,13,1,12,0.866666667,0,0,1,0,4,112,641,14,38,0.2,51,0.75,other,0,5,0,0,0,5,2,1,public
2,1,14,8,110,0.066666667,7,0,0.388888889,0,3.714285714,9,1,7,0.833333333,2,0,0,3,0,45,641,14,25,0.066666667,26,1,other,0,1,0,0,0,1,0,0,private
0,4,1,3,22,0.75,1,1,1,0,2.222222222,3,1,4,0.825,0,0,0,0,0,26,689,3,13,1,20,1,other,2,3,0,2,0,5,0,2,public
0,1,1,2,18,0.75,1,0,1,0,2.222222222,3,1,4,0.825,0,0,0,0,0,26,689,3,13,1,20,1,other,2,3,0,2,0,5,0,2,public
0,0,0,2,13,1,0,0,0,0,2.222222222,3,1,4,0.825,0,0,0,0,0,26,689,3,13,1,20,1,other,2,3,0,2,0,5,0,2,public
0,3,0,2,13,1,0,2,0,0,2.222222222,3,1,4,0.825,0,0,0,0,0,26,689,3,13,1,20,1,other,2,3,0,2,0,5,0,2,public
0,2,6,5,23,0.142857143,1,0,0.166666667,0,2.055555556,3,1,2,0.803921569,0,0,6,0,16,463,689,3,40,0.428571429,37,0.666666667,other,0,6,0,0,0,6,0,0,public
0,1,1,1,5,0.666666667,1,0,1,0,1,9,6,2,0,0,45,0,0,0,159,780,3,18,0,5,1,final,0,0,0,0,0,0,3,0,public
0,0,0,1,3,1,0,0,0,0,1,9,6,2,0,0,45,0,0,0,159,780,3,18,0,5,1,final,0,0,0,0,0,0,3,0,public
0,0,0,1,3,1,0,0,0,0,1,9,6,2,0,0,45,0,0,0,159,780,3,18,0,5,1,final,0,0,0,0,0,0,3,0,public
0,0,0,1,3,1,0,0,0,0,1,9,6,2,0,0,45,0,0,0,159,780,3,18,0,5,1,final,0,0,0,0,0,0,3,0,public
0,0,0,1,3,0,1,0,1,0,1,9,6,2,0,0,45,0,0,0,159,780,3,18,0,5,1,final,0,0,0,0,0,0,3,0,public
2,0,4,6,119,0.833333333,2,4,1,0,8.895522388,55,3,14,0.997379813,0,52,1,1,4,408,780,3,157,0.938942308,1192,0.084507042,other,65,1,0,0,0,1,63,64,public
2,0,4,9,267,0.8,5,10,0.833333333,0,8.895522388,55,3,14,0.997379813,0,52,1,1,4,408,780,3,157,0.938942308,1192,0.084507042,other,65,1,0,0,0,1,63,64,public
0,2,0,1,6,1,0,0,0,0,6.857142857,6,1,6,1,0,0,0,1,1,41,713,4,23,0,48,1,other,0,6,0,0,6,0,0,0,public
0,2,0,3,16,1,1,1,1,0,6.857142857,6,1,6,1,0,0,0,1,1,41,713,4,23,0,48,1,other,0,6,0,0,6,0,0,0,public
0,5,15,2,17,0,1,0,0.2,0,2,5,1,1,0,0,0,0,1,0,385,713,4,6,1,2,1,other,0,0,1,0,0,0,0,0,package
0,2,0,1,4,1,0,0,0,0,4.181818182,0,1,0,0.933333333,0,0,0,0,0,11,808,7,11,1,46,1,other,2,1,0,1,0,3,0,1,public
0,1,0,1,8,1,0,1,0,0,4.181818182,0,1,0,0.933333333,0,0,0,0,0,11,808,7,11,1,46,1,other,2,1,0,1,0,3,0,1,public
0,1,0,1,7,1,0,0,0,0,4.181818182,0,1,0,0.933333333,0,0,0,0,0,11,808,7,11,1,46,1,other,2,1,0,1,0,3,0,1,public
0,1,0,1,10,1,0,0,0,0,4.181818182,0,1,0,0.933333333,0,0,0,0,0,11,808,7,11,1,46,1,other,2,1,0,1,0,3,0,1,public
0,1,0,2,23,1,0,0,0,0,4.181818182,0,1,0,0.933333333,0,0,0,0,0,11,808,7,11,1,46,1,other,2,1,0,1,0,3,0,1,public
0,2,10,6,50,0,1,2,0.2,1,5.411764706,39,3,8,0,0,25,0,0,1,133,808,7,79,1,92,0,other,0,0,0,17,0,0,0,17,public
0,4,0,1,5,0,1,1,1,0,2.647058824,6,7,7,0.89375,0,0,0,2,1,165,703,7,39,0.363636364,45,0,abstract,0,10,0,0,0,10,4,0,public
0,4,0,1,5,0,1,1,1,0,2.647058824,6,7,7,0.89375,0,0,0,2,1,165,703,7,39,0.363636364,45,0,abstract,0,10,0,0,0,10,4,0,public
0,1,0,1,4,0,0,2,0,0,2.647058824,6,7,7,0.89375,0,0,0,2,1,165,703,7,39,0.363636364,45,0,abstract,0,10,0,0,0,10,4,0,public
0,1,0,1,4,0,0,2,0,0,2.647058824,6,7,7,0.89375,0,0,0,2,1,165,703,7,39,0.363636364,45,0,abstract,0,10,0,0,0,10,4,0,public
0,0,1,1,5,1,1,1,1,0,2.647058824,6,7,7,0.89375,0,0,0,2,1,165,703,7,39,0.363636364,45,0,abstract,0,10,0,0,0,10,4,0,public
3,7,9,8,402,0.25,2,4,0.666666667,0,7.3125,4,1,5,0.866666667,0,0,5,1,2,154,703,7,24,0.714285714,117,0.5,other,1,3,0,0,0,4,0,0,public
0,1,0,1,6,0,1,1,1,0,1.5,5,2,1,0,0,6,0,0,0,20,1031,28,11,0,3,1,other,0,0,1,0,0,0,0,0,public
0,1,0,1,6,0,1,0,1,0,2,5,2,1,0,0,6,0,0,0,20,1031,28,10,1,2,1,other,0,0,1,0,0,0,0,0,public
0,1,0,1,4,1,0,0,0,0,1.8,7,3,2,0.75,0,18,2,0,3,56,1064,18,27,0.6,9,0.6,other,0,4,0,0,0,4,0,0,public
0,1,0,1,4,1,0,0,0,0,1.8,7,3,2,0.75,0,18,2,0,3,56,1064,18,27,0.6,9,0.6,other,0,4,0,0,0,4,0,0,public
0,3,0,1,6,1,1,0,1,0,1.8,7,3,2,0.75,0,18,2,0,3,56,1064,18,27,0.6,9,0.6,other,0,4,0,0,0,4,0,0,public
0,0,0,4,29,1,2,0,1,0,1.8,7,3,2,0.75,0,18,2,0,3,56,1064,18,27,0.6,9,0.6,other,0,4,0,0,0,4,0,0,public
2,3,0,6,160,0,0,0,0,1,10,2,1,1,0,0,0,0,0,4,78,1064,18,5,0,40,1,final,0,0,0,3,0,0,0,3,public
0,2,0,1,6,1,0,0,0,0,1.5,0,3,0,1,0,63,0,0,0,78,1199,9,2,1,3,1,other,0,1,0,0,0,1,1,0,public
0,1,0,1,8,1,0,0,0,0,1.5,0,3,0,1,0,63,0,0,0,78,1199,9,2,1,3,1,other,0,1,0,0,0,1,1,0,public
0,0,0,1,4,1,0,0,0,0,10.53333333,27,1,23,0.896551724,0,0,6,5,0,78,1199,9,69,0.636842105,316,0.535714286,other,0,8,0,0,0,0,1,0,public
0,0,0,1,12,1,1,1,1,0,10.53333333,27,1,23,0.896551724,0,0,6,5,0,78,1199,9,69,0.636842105,316,0.535714286,other,0,8,0,0,0,0,1,0,public
3,3,4,8,244,0.333333333,10,5,1,0,10.53333333,27,1,23,0.896551724,0,0,6,5,0,78,1199,9,69,0.636842105,316,0.535714286,other,0,8,0,0,0,0,1,0,public
2,4,1,6,120,0.5,5,3,0.714285714,0,8.431818182,33,1,26,0.863787375,0,0,3,1,0,78,1199,9,95,0.685606061,371,0.914285714,other,0,6,0,0,0,7,0,0,public
0,1,0,1,6,1,0,0,0,1,3.923076923,4,2,3,0.683333333,0,3,0,0,0,38,1278,16,19,0.755555556,51,1,other,0,4,0,2,0,5,0,2,public
0,1,0,1,3,1,0,0,0,1,3.923076923,4,2,3,0.683333333,0,3,0,0,0,38,1278,16,19,0.755555556,51,1,other,0,4,0,2,0,5,0,2,public
0,2,0,1,6,1,0,0,0,0,3.923076923,4,2,3,0.683333333,0,3,0,0,0,38,1278,16,19,0.755555556,51,1,other,0,4,0,2,0,5,0,2,public
0,0,0,2,5,1,0,1,0,0,3.923076923,4,2,3,0.683333333,0,3,0,0,0,38,1278,16,19,0.755555556,51,1,other,0,4,0,2,0,5,0,2,public
0,4,0,3,98,1,2,2,1,0,2.466666667,5,1,6,0.92364532,0,0,22,0,1,103,1278,16,36,0.192118227,74,0.24137931,other,0,14,0,0,0,14,0,0,public
0,3,0,1,7,0,3,1,1,1,3.5,9,1,14,0.866666667,0,0,0,0,1,25,1271,10,42,0.622222222,56,1,final,1,0,0,15,0,1,0,15,public
0,3,0,1,7,0,3,1,1,1,3.5,9,1,14,0.866666667,0,0,0,0,1,25,1271,10,42,0.622222222,56,1,final,1,0,0,15,0,1,0,15,public
0,3,0,3,20,0,1,1,1,1,3.5,9,1,14,0.866666667,0,0,0,0,1,25,1271,10,42,0.622222222,56,1,final,1,0,0,15,0,1,0,15,public
0,3,0,2,10,0,1,1,1,1,3.5,9,1,14,0.866666667,0,0,0,0,1,25,1271,10,42,0.622222222,56,1,final,1,0,0,15,0,1,0,15,public
2,1,0,6,80,1,4,3,0.666666667,0,3.375,7,4,5,0.891666667,0,0,9,0,0,32,1271,10,27,0.20952381,54,0,abstract,2,6,0,0,0,8,10,0,public
2,3,0,6,147,1,2,3,0.285714286,0,8.333333333,2,1,3,0.642857143,0,0,0,0,0,124,1271,10,22,1,75,0,final,7,0,0,1,0,7,0,1,package
2,1,4,7,164,0.666666667,13,6,0.684210526,0,4.451612903,27,1,23,0.811111111,0,0,0,1,0,247,1271,10,82,0.405797101,138,1,final,7,2,0,0,1,8,0,0,public
0,3,0,1,4,1,0,0,0,0,1.833333333,0,4,1,1,0,45,0,0,0,7,1302,15,7,0,11,1,other,1,0,0,0,0,1,1,0,public
0,1,0,2,7,0,0,1,0,0,1.833333333,0,4,1,1,0,45,0,0,0,7,1302,15,7,0,11,1,other,1,0,0,0,0,1,1,0,public
0,1,0,2,7,0,0,1,0,0,1.833333333,0,4,1,1,0,45,0,0,0,7,1302,15,7,0,11,1,other,1,0,0,0,0,1,1,0,public
0,2,0,3,19,0,1,0,1,0,1.833333333,0,4,1,1,0,45,0,0,0,7,1302,15,7,0,11,1,other,1,0,0,0,0,1,1,0,public
0,4,6,1,13,0.454545455,1,1,1,0,10.52941176,10,1,7,0.825892857,0,0,2,0,0,37,1404,12,49,0.722222222,179,0.75,other,3,19,0,1,9,10,0,1,public
0,0,4,2,20,0.636363636,1,0,1,0,10.52941176,10,1,7,0.825892857,0,0,2,0,0,37,1404,12,49,0.722222222,179,0.75,other,3,19,0,1,9,10,0,1,public
0,0,3,3,40,0.7,1,1,0.5,0,10.52941176,10,1,7,0.825892857,0,0,2,0,0,37,1404,12,49,0.722222222,179,0.75,other,3,19,0,1,9,10,0,1,public
2,2,29,5,108,0.064516129,3,2,0.230769231,0,10.52941176,10,1,7,0.825892857,0,0,2,0,0,37,1404,12,49,0.722222222,179,0.75,other,3,19,0,1,9,10,0,1,public
2,1,17,5,136,0.227272727,2,3,0.153846154,0,10.52941176,10,1,7,0.825892857,0,0,2,0,0,37,1404,12,49,0.722222222,179,0.75,other,3,19,0,1,9,10,0,1,public
2,2,15,4,120,0,5,0,0.294117647,0,4.833333333,18,2,5,1,0,26,2,0,0,274,1404,12,88,0,29,0.6,other,3,0,0,1,0,3,0,1,public
3,4,0,11,406,1,0,0,0,1,14.25,0,1,0,0.987878788,0,0,0,0,0,68,1404,12,12,0.681818182,171,1,final,15,0,0,2,15,0,0,12,public
0,1,0,1,4,1,0,0,0,0,5.9375,19,1,18,1,0,0,0,0,0,30,1450,15,107,1,95,1,other,12,1,0,1,1,14,0,1,public
0,0,0,1,3,1,0,0,0,0,5.9375,19,1,18,1,0,0,0,0,0,30,1450,15,107,1,95,1,other,12,1,0,1,1,14,0,1,public
0,2,0,2,20,1,0,2,0,0,5.9375,19,1,18,1,0,0,0,0,0,30,1450,15,107,1,95,1,other,12,1,0,1,1,14,0,1,public
0,2,0,2,30,1,2,3,1,0,5.9375,19,1,18,1,0,0,0,0,0,30,1450,15,107,1,95,1,other,12,1,0,1,1,14,0,1,public
2,1,35,7,143,0.166666667,5,4,0.192307692,0,5.9375,19,1,18,1,0,0,0,0,0,30,1450,15,107,1,95,1,other,12,1,0,1,1,14,0,1,public
2,1,12,10,102,0.076923077,4,0,0.222222222,0,5.9375,19,1,18,1,0,0,0,0,0,30,1450,15,107,1,95,1,other,12,1,0,1,1,14,0,1,public
3,0,24,8,374,0.076923077,8,3,0.363636364,0,19,11,1,8,0.75,0,0,1,0,0,263,1450,15,33,1,114,1,other,0,4,0,0,0,4,0,0,public
0,2,0,1,3,0,0,0,0,0,1,3,1,1,0,0,0,0,1,0,12,1447,21,3,0,2,1,other,0,0,1,0,0,0,0,0,public
0,7,0,1,6,0,1,0,1,0,1,3,1,1,0,0,0,0,1,0,12,1447,21,3,0,2,1,other,0,0,1,0,0,0,0,0,public
0,0,0,1,5,1,0,1,0,0,1,3,1,2,0,0,0,0,1,0,12,1447,21,6,1,4,1,other,0,4,0,0,0,4,0,0,public
0,2,0,1,7,1,1,1,1,0,1,3,1,2,0,0,0,0,1,0,12,1447,21,6,1,4,1,other,0,4,0,0,0,4,0,0,public
0,0,0,1,4,1,0,0,0,0,1,3,1,2,0,0,0,0,1,0,12,1447,21,6,1,4,1,other,0,4,0,0,0,4,0,0,public
3,2,2,7,241,0.666666667,2,1,1,0,7.833333333,4,1,3,0.5,0,0,3,0,0,89,1447,21,21,0.933333333,94,0.625,other,0,4,0,1,0,4,0,1,public
0,2,11,2,38,0.153846154,5,1,0.277777778,0,1.4,7,1,6,0.625,0,0,0,1,0,94,1447,21,31,1,7,1,other,0,4,0,0,0,4,1,0,public
3,12,3,6,214,0.5625,4,5,0.571428571,0,8.538461538,12,1,11,0.905555556,0,0,0,1,0,37,1447,21,44,0.666666667,111,1,other,8,5,0,7,0,15,0,7,public
2,5,5,6,102,0.619047619,6,1,0.4,0,7.714285714,17,1,16,0.87037037,0,0,0,1,0,27,1447,21,56,1,54,1,other,0,27,0,0,0,27,0,0,public
0,1,0,1,3,1,0,0,0,0,1.75,11,1,9,0.863636364,0,0,0,0,0,112,1593,30,34,0.890909091,21,1,other,1,1,0,0,0,1,1,0,public
0,1,0,1,6,0,2,0,1,0,1.333333333,3,1,3,1,0,0,2,0,1,34,1475,19,12,0,12,0.75,other,0,3,0,0,0,3,0,0,public
0,1,0,1,6,0,2,0,1,0,1.333333333,3,1,3,1,0,0,2,0,1,34,1475,19,12,0,12,0.75,other,0,3,0,0,0,3,0,0,public
0,2,2,1,7,0,0,0,0,0,1.333333333,3,1,3,1,0,0,2,0,1,34,1475,19,12,0,12,0.75,other,0,3,0,0,0,3,0,0,public
0,0,1,1,4,0,1,0,1,0,1.333333333,3,1,3,1,0,0,2,0,1,34,1475,19,12,0,12,0.75,other,0,3,0,0,0,3,0,0,public
0,3,6,2,18,0,2,0,1,0,1.806451613,11,2,10,1,0,0,2,3,2,432,1475,19,53,0,56,0,abstract,2,9,0,0,1,10,0,0,public
0,4,7,1,20,0,1,0,1,0,2,6,1,6,1,0,0,0,1,0,293,1475,19,21,0,26,1,other,0,8,0,0,0,8,0,0,package
0,1,0,1,4,1,1,0,1,0,1.25,2,1,2,0.142857143,0,0,0,1,3,130,1805,26,16,1,10,1,final,0,1,0,0,0,1,0,0,package
0,0,0,1,4,1,1,0,1,0,1.25,2,1,2,0.142857143,0,0,0,1,3,130,1805,26,16,1,10,1,final,0,1,0,0,0,1,0,0,package
0,0,0,1,4,1,1,0,1,0,1.25,2,1,2,0.142857143,0,0,0,1,3,130,1805,26,16,1,10,1,final,0,1,0,0,0,1,0,0,package
0,0,0,2,16,1,1,0,1,0,1.25,2,1,2,0.142857143,0,0,0,1,3,130,1805,26,16,1,10,1,final,0,1,0,0,0,1,0,0,package
2,1,0,8,284,0.466666667,5,4,0.263157895,0,10,4,1,7,0.895833333,0,0,0,1,3,64,1805,26,49,1,90,1,final,9,0,0,4,0,9,0,4,package
2,1,3,8,104,0.5,3,1,0.428571429,1,4.565217391,11,1,8,0.944444444,0,0,0,0,5,117,1805,26,42,0.114285714,105,0,abstract,9,0,0,22,0,7,0,22,public
0,2,10,2,51,0.166666667,4,0,0.571428571,0,2.25,8,2,4,1,0,3,0,0,0,105,1805,26,16,0.333333333,9,0,final,2,0,0,0,0,2,0,0,package
2,4,16,9,169,0.448275862,17,0,0.80952381,0,5.620689655,58,3,38,0.975913621,2,4,3,1,0,29,1805,26,154,0.80952381,163,0.875,final,40,4,0,7,0,44,0,7,public
2,4,12,6,159,0.523809524,15,0,0.416666667,0,7.75,25,2,19,0.733333333,0,0,0,1,10,137,1805,26,44,0.5,31,0,abstract,1,10,0,1,0,1,1,1,public
0,1,0,1,4,0,1,0,1,0,1,9,2,2,0,0,4,0,0,0,143,2118,22,22,1,2,1,final,0,0,0,0,0,0,0,0,public
0,0,0,1,3,1,1,0,1,0,1,9,2,2,0,0,4,0,0,0,143,2118,22,22,1,2,1,final,0,0,0,0,0,0,0,0,public
0,0,0,1,3,0,1,0,1,0,1,2,3,2,1,0,6,0,0,0,143,2118,22,11,0,3,1,other,1,0,0,1,0,1,0,1,public
2,2,2,7,114,0.875,1,0,1,0,6.142857143,2,1,1,1,0,0,4,1,13,127,2118,22,9,1,43,0.222222222,other,3,5,0,0,6,7,0,1,public
0,1,0,1,3,1,0,0,0,0,2,1,1,1,0,0,0,0,0,2,471,2989,13,3,1,4,0,abstract,1,0,0,0,0,0,2,0,public
0,1,0,2,15,1,1,0,1,0,2,1,1,1,0,0,0,0,0,2,471,2989,13,3,1,4,0,abstract,1,0,0,0,0,0,2,0,public
0,0,0,1,3,0,0,0,0,0,1,0,1,0,0,0,0,0,1,2,471,2989,13,11,0,11,0,other,0,0,0,0,0,0,0,0,public
0,1,7,3,19,0.142857143,4,0,0.8,0,3,16,3,14,0.875,2,0,1,1,0,458,2989,13,40,0.142857143,51,0,abstract,0,1,0,0,0,2,7,0,public
0,1,5,3,26,0.166666667,1,3,0.2,0,6.494791667,49,1,43,0.742873764,0,0,1,2,2,260,2989,13,286,0.950925926,1247,0.943820225,other,0,10,0,0,1,6,0,1,public
2,2,14,6,164,0.222222222,13,2,0.5,0,3.947368421,39,2,29,0.926868045,0,0,13,0,0,145,2989,13,130,0.327635328,150,0,other,0,17,0,0,0,17,1,0,public
0,2,0,1,124,1,0,2,0,0,1.528089888,1,5,5,0.959582943,0,520,36,1,1,400,1879,22,94,0.11512605,136,0.292929293,other,34,63,0,0,2,59,21,0,public
0,0,0,1,3,0,0,0,0,0,1.528089888,1,5,5,0.959582943,0,520,36,1,1,400,1879,22,94,0.11512605,136,0.292929293,other,34,63,0,0,2,59,21,0,public
0,0,1,3,722,0.984848485,3,8,1,0,1.528089888,1,5,5,0.959582943,0,520,36,1,1,400,1879,22,94,0.11512605,136,0.292929293,other,34,63,0,0,2,59,21,0,public
0,1,30,1,4,0.032258065,1,0,1,0,1.290909091,3,5,12,0.968862941,0,519,47,1,1,400,1879,22,124,0.142318059,142,0.333333333,other,47,52,0,0,0,51,16,0,public
0,0,10,2,29,0,4,0,0.444444444,0,2,5,2,4,0,2,8,0,0,0,49,1879,22,20,1,2,0,other,0,0,0,0,0,0,0,0,package
0,2,0,1,6,1,1,0,1,0,13,3,2,1,1,0,7,0,0,0,18,2169,37,12,1,26,0.285714286,other,5,2,0,0,0,2,0,0,public
0,1,9,3,21,0.181818182,6,1,0.857142857,0,2.363636364,10,2,11,0.78,0,3,3,1,4,56,2169,37,32,0.428571429,26,0.666666667,other,0,5,0,0,0,5,0,0,public
0,1,0,2,7,0,0,0,0,0,5.460285132,7,1,5,0.979644165,0,0,9,2,1,583,3309,19,503,0.863372093,2681,0.912408759,other,1,39,0,1,1,36,0,1,public
0,0,0,1,3,0,0,1,0,0,5.460285132,7,1,5,0.979644165,0,0,9,2,1,583,3309,19,503,0.863372093,2681,0.912408759,other,1,39,0,1,1,36,0,1,public
0,0,0,1,3,0,0,1,0,0,5.460285132,7,1,5,0.979644165,0,0,9,2,1,583,3309,19,503,0.863372093,2681,0.912408759,other,1,39,0,1,1,36,0,1,public
0,1,0,1,4,1,0,1,0,0,4.1,11,1,12,0.963869464,0,0,2,1,0,46,2923,44,88,0.426742532,164,0.727272727,other,8,14,0,0,0,5,22,0,public
0,0,0,2,49,1,1,1,1,0,4.1,11,1,12,0.963869464,0,0,2,1,0,46,2923,44,88,0.426742532,164,0.727272727,other,8,14,0,0,0,5,22,0,public
0,0,0,3,24,1,1,0,1,0,4.1,11,1,12,0.963869464,0,0,2,1,0,46,2923,44,88,0.426742532,164,0.727272727,other,8,14,0,0,0,5,22,0,public
2,1,8,4,244,0.578947368,7,6,0.466666667,0,4.1,11,1,12,0.963869464,0,0,2,1,0,46,2923,44,88,0.426742532,164,0.727272727,other,8,14,0,0,0,5,22,0,public
2,1,6,8,176,0.142857143,5,5,0.227272727,0,4.1,11,1,12,0.963869464,0,0,2,1,0,46,2923,44,88,0.426742532,164,0.727272727,other,8,14,0,0,0,5,22,0,public
2,2,18,8,163,0.333333333,9,4,0.290322581,0,2.770700637,31,1,69,0.98964497,0,0,39,2,7,469,2923,44,366,0.240110079,435,0,abstract,6,32,0,0,0,22,62,0,public
0,0,0,1,1,1,0,0,0,0,3.444444444,0,1,0,0.953571429,0,0,4,0,1,30,2742,33,9,0.535714286,31,0.217391304,other,19,14,0,1,0,2,0,1,public
0,0,0,1,1,1,0,0,0,0,3.444444444,0,1,0,0.953571429,0,0,4,0,1,30,2742,33,9,0.535714286,31,0.217391304,other,19,14,0,1,0,2,0,1,public
0,0,0,1,1,1,0,0,0,0,3.444444444,0,1,0,0.953571429,0,0,4,0,1,30,2742,33,9,0.535714286,31,0.217391304,other,19,14,0,1,0,2,0,1,public
0,1,8,3,39,0,2,0,0.333333333,1,5.666666667,6,1,5,0,0,0,0,0,1,30,2742,33,16,0,17,1,other,0,0,0,3,0,0,0,3,public
0,1,0,3,30,1,0,1,0,0,3,1,1,1,0.857142857,0,0,0,0,0,8,2957,33,9,1,24,1,other,2,0,1,1,0,0,0,2,public
0,3,0,4,58,1,0,3,0,0,3,1,1,1,0.857142857,0,0,0,0,0,8,2957,33,9,1,24,1,other,2,0,1,1,0,0,0,2,public
0,1,0,1,6,0,0,0,0,0,3,1,1,1,0.857142857,0,0,0,0,0,8,2957,33,9,1,24,1,other,2,0,1,1,0,0,0,2,public
0,3,0,2,18,0,0,0,0,1,4.272727273,0,1,0,1,0,0,2,1,0,9,2714,40,11,0,47,0,abstract,0,1,0,1,0,0,2,1,public
3,2,21,7,210,0.16,6,2,0.428571429,0,8.1,13,1,11,0.73015873,0,0,0,1,3,124,2714,40,32,1,81,1,final,1,6,1,0,0,7,2,0,public
2,2,11,6,156,0.214285714,5,3,0.357142857,0,4,14,2,6,1,0,5,0,1,3,124,2714,40,33,1,20,0.166666667,other,6,0,0,0,0,2,0,0,public
0,0,0,1,3,0,0,0,0,0,3.090909091,24,2,11,0.85,0,130,1,0,3,181,2996,32,232,0.619047619,34,0.888888889,other,0,13,0,0,0,0,1,0,public
0,1,2,1,5,0.666666667,3,0,0.75,0,3.090909091,24,2,11,0.85,0,130,1,0,3,181,2996,32,232,0.619047619,34,0.888888889,other,0,13,0,0,0,0,1,0,public
2,2,1,7,138,0,1,0,0.25,0,9,5,1,4,0.952380952,0,0,1,2,1,46,2996,32,18,0.333333333,72,0.5,other,0,6,1,0,0,0,1,0,public
0,0,0,1,2,0,0,0,0,0,1.428571429,3,2,2,0.666666667,0,11,2,1,0,50,3790,48,22,1,10,0.6,other,1,1,0,0,1,1,0,0,public
0,2,0,1,3,0,0,1,0,0,1.428571429,3,2,2,0.666666667,0,11,2,1,0,50,3790,48,22,1,10,0.6,other,1,1,0,0,1,1,0,0,public
0,3,0,1,3,0,1,0,1,0,1.428571429,3,2,2,0.666666667,0,11,2,1,0,50,3790,48,22,1,10,0.6,other,1,1,0,0,1,1,0,0,public
2,2,0,4,153,1,4,5,0.5,0,5.714285714,3,1,5,0.967948718,0,0,0,0,0,50,3790,48,29,0.309090909,80,1,other,9,3,0,1,0,12,10,1,public
0,1,7,3,20,0,1,1,0.125,1,2.923076923,4,1,3,0,0,0,0,0,0,46,3790,48,25,0,38,1,final,0,0,0,12,0,0,0,12,public
0,2,0,1,4,0,1,0,1,0,1.2,1,1,1,0.75,0,0,2,2,0,12,4165,108,7,0.2,6,0.6,other,0,2,0,0,2,0,0,0,public
0,1,0,1,6,1,0,0,0,0,1.2,1,1,1,0.75,0,0,2,2,0,12,4165,108,7,0.2,6,0.6,other,0,2,0,0,2,0,0,0,public
0,2,5,2,27,0.285714286,8,1,0.470588235,0,4.6,24,2,15,0.5,0,7,0,0,0,17,4165,108,55,0.333333333,23,1,other,0,1,0,1,0,1,2,1,public
0,0,0,1,1,0,0,0,0,0,1,0,2,0,0,0,0,0,0,0,235,4143,24,1,1,1,0,other,0,0,0,0,0,0,1,0,package
0,0,0,1,1,0,0,0,0,0,1,0,2,0,0,0,0,0,0,0,235,4143,24,1,1,1,0,other,0,0,0,0,0,0,1,0,package
0,0,0,1,1,0,0,0,0,0,1,0,2,0,0,0,0,0,0,0,235,4143,24,1,1,1,0,other,0,0,0,0,0,0,1,0,package
3,0,0,7,438,1,0,1,0,0,13.54545455,7,1,6,0.7625,0,0,0,1,2,237,4143,24,18,0.6,149,1,other,1,9,0,0,1,9,0,0,public
1,4,1,6,111,0.666666667,2,1,0.5,0,3.771428571,3,2,4,0.455882353,0,0,2,0,0,77,4143,24,46,0.878787879,132,0.935483871,other,0,2,0,1,0,0,4,1,public
0,3,3,1,11,0,0,0,0,0,2,2,1,1,1,0,0,0,1,0,2,3884,40,3,1,4,1,other,0,3,0,0,0,0,0,0,public
0,1,3,1,7,0,1,0,1,0,2,2,1,1,1,0,0,0,1,0,2,3884,40,3,1,4,1,other,0,3,0,0,0,0,0,0,public
0,1,0,1,3,0,1,0,1,0,5.8,22,2,15,0,0,5,0,0,1,41,3884,40,51,1,29,1,other,0,0,0,0,0,0,0,0,public
0,2,0,2,22,0,1,0,1,0,3.428571429,11,2,11,0,0,10,0,0,0,32,4551,28,37,0,24,1,other,0,0,1,1,0,0,0,1,public
0,1,0,1,3,0,1,0,1,0,3.428571429,11,2,11,0,0,10,0,0,0,32,4551,28,37,0,24,1,other,0,0,1,1,0,0,0,1,public
0,2,0,1,3,0,1,0,1,0,3.428571429,11,2,11,0,0,10,0,0,0,32,4551,28,37,0,24,1,other,0,0,1,1,0,0,0,1,public
0,1,11,2,10,0.176470588,2,0,1,0,2.214285714,4,5,8,0.86013986,0,520,3,0,0,44,4551,28,32,1,31,0.428571429,other,0,7,0,0,7,0,0,0,public
2,0,10,11,171,0.230769231,5,5,0.294117647,0,3.782608696,7,2,7,0.921487603,2,44,5,0,0,54,4551,28,42,0.385714286,87,0.708333333,other,0,9,0,0,0,9,0,0,public
2,1,8,10,121,0.944444444,5,1,0.3125,0,5.953488372,38,3,21,0.944444444,2,123,3,0,1,161,4551,28,302,0.340243902,256,0.909090909,other,0,2,0,0,1,1,10,0,public
0,0,0,1,5,1,0,0,0,0,1.285714286,0,1,0,0.777777778,0,0,4,1,0,16,4305,35,7,0.238095238,9,0.428571429,other,0,3,0,0,0,3,0,0,public
0,1,0,1,9,1,0,0,0,0,1.285714286,0,1,0,0.777777778,0,0,4,1,0,16,4305,35,7,0.238095238,9,0.428571429,other,0,3,0,0,0,3,0,0,public
0,1,0,1,5,1,0,0,0,0,1.285714286,0,1,0,0.777777778,0,0,4,1,0,16,4305,35,7,0.238095238,9,0.428571429,other,0,3,0,0,0,3,0,0,public
0,0,0,4,137,0,2,0,0.666666667,0,3,5,6,3,0.75,0,114,0,0,0,16,4305,35,18,0.333333333,15,1,other,0,1,0,0,0,1,0,0,public
2,0,10,8,235,0,4,0,0.333333333,0,25,6,2,4,0,0,44,0,0,0,40,4305,35,13,1,25,0,other,0,0,0,0,0,0,0,0,package
2,1,0,9,177,0,4,0,0.444444444,1,12.5,23,7,12,1,0,158,0,0,0,39,4305,35,90,0,25,0.666666667,other,2,6,0,1,0,8,0,1,public
0,1,10,4,77,0.090909091,7,0,0.388888889,0,3.4,22,6,25,0.972906404,2,129,9,0,2,163,4305,35,93,0.073891626,102,0.607142857,other,1,10,0,5,0,12,3,5,public
1,4,0,6,120,1,2,3,0.666666667,1,4.0625,3,1,4,0.933333333,0,0,0,0,14,591,4305,35,29,0.057142857,65,1,other,0,0,0,16,0,1,0,16,public
2,5,0,7,193,1,4,0,0.4,1,12,23,7,10,1,0,158,0,0,0,40,4305,35,91,0,24,0.666666667,other,2,6,0,1,0,8,0,1,public
2,4,9,7,177,0.428571429,2,0,0.1,0,5.5,4,1,4,0.95,1,0,0,2,2,203,4305,35,29,0.6,33,1,other,6,1,0,0,0,8,0,0,public
0,2,2,1,6,0,1,0,0.333333333,0,1,5,1,2,0,0,0,0,1,3,40,5527,85,6,0,2,1,other,0,0,0,0,0,0,0,0,public
0,2,1,1,3,0,1,0,1,0,1,5,1,2,0,0,0,0,1,3,40,5527,85,6,0,2,1,other,0,0,0,0,0,0,0,0,public
0,1,0,1,22,0,0,0,0,1,3,0,1,0,0,0,0,0,0,3,40,5527,85,2,0,6,1,other,0,0,0,2,0,0,0,2,public
0,4,13,3,47,0.071428571,2,9,0.333333333,0,2.666666667,10,7,5,0.363636364,0,77,1,0,0,11,5527,85,31,1,32,0.5,other,0,2,0,0,0,2,2,0,public
0,1,11,1,13,0.153846154,6,0,0.352941176,0,1.6,12,1,12,0.571428571,2,0,4,0,0,55,5527,85,49,0.8,24,0.733333333,other,0,3,0,0,0,3,0,0,public
3,4,32,8,363,0.177777778,13,4,0.30952381,0,3.6,16,7,14,0.947368421,2,59,12,0,1,40,5527,85,66,0.161904762,72,0.1875,other,1,8,0,0,2,7,1,0,public
2,4,4,6,136,0.6,4,3,0.285714286,0,4.875,5,7,5,0.910714286,0,59,2,0,1,40,5527,85,23,0.666666667,39,0.333333333,other,2,2,0,0,0,8,1,0,public
2,4,28,7,127,0.151515152,16,3,0.363636364,0,4.026666667,43,1,38,0.926126126,2,0,17,1,2,126,5527,85,264,0.402898551,302,0.757142857,other,0,14,0,1,0,15,0,1,public
2,3,29,7,142,0.171428571,16,3,0.347826087,0,4.026666667,43,1,38,0.926126126,2,0,17,1,2,126,5527,85,264,0.402898551,302,0.757142857,other,0,14,0,1,0,15,0,1,public
1,4,52,6,157,0.103448276,6,0,0.077922078,0,2.555555556,9,7,6,0.895833333,2,77,5,0,0,51,5527,85,86,0.178571429,23,0.285714286,other,0,6,0,0,0,6,2,0,public
2,6,16,7,139,0.2,16,3,0.533333333,0,2.266666667,20,2,19,0.887755102,0,3,9,0,0,171,5527,85,59,0.252747253,34,0.357142857,other,0,7,0,0,0,7,0,0,public
2,4,22,7,160,0.153846154,5,2,0.217391304,0,5.666666667,8,7,6,0.875,2,59,2,0,0,171,5527,85,33,0.666666667,51,0.333333333,other,0,4,0,0,2,2,1,0,public
3,6,42,8,391,0.125,18,6,0.375,0,5,29,3,25,0.922222222,3,4,5,0,0,171,5527,85,87,0.222222222,80,0.5,other,0,5,0,0,0,6,0,0,public
0,1,0,1,4,1,0,0,0,0,1.666666667,4,1,2,0.5,0,0,0,1,0,215,5154,33,6,1,5,1,other,1,0,0,0,0,1,0,0,public
0,1,0,2,7,1,2,0,1,0,1.666666667,4,1,2,0.5,0,0,0,1,0,215,5154,33,6,1,5,1,other,1,0,0,0,0,1,0,0,public
0,1,0,2,7,1,2,0,1,0,1.666666667,4,1,2,0.5,0,0,0,1,0,215,5154,33,6,1,5,1,other,1,0,0,0,0,1,0,0,public
0,5,8,1,32,0.2,1,0,1,0,1.909090909,82,2,4,0.9,0,109,0,3,0,215,5154,33,128,0.027777778,21,1,other,0,2,1,4,0,2,0,4,public
0,5,18,2,29,0.1,0,0,0,0,3.615384615,86,2,8,0.541666667,0,105,0,3,0,215,5154,33,129,0.681818182,47,1,other,1,1,0,0,0,2,0,0,public
2,0,0,6,241,1,2,5,0.5,0,6.916666667,2,1,4,0.977272727,0,0,0,1,0,16,5154,33,20,0.7,83,0.875,other,13,3,0,1,0,15,0,1,public
0,1,0,3,14,0,0,0,0,1,3.277777778,1,1,1,0.985714286,0,0,0,0,0,64,5715,80,38,0.001782531,118,0.971428571,other,1,0,0,34,0,1,0,36,public
0,1,0,1,3,0,0,1,0,1,3.277777778,1,1,1,0.985714286,0,0,0,0,0,64,5715,80,38,0.001782531,118,0.971428571,other,1,0,0,34,0,1,0,36,public
0,2,0,2,11,0,0,0,0,1,3.277777778,1,1,1,0.985714286,0,0,0,0,0,64,5715,80,38,0.001782531,118,0.971428571,other,1,0,0,34,0,1,0,36,public
1,8,0,3,91,1,0,0,0,1,4.428571429,0,1,0,1,0,0,0,0,0,64,5715,80,7,1,31,1,other,0,0,0,7,0,1,0,7,public
0,0,13,4,46,0.2,5,1,0.294117647,0,2,14,3,6,0.916666667,2,72,2,0,0,47,5715,80,80,0.666666667,14,0.714285714,other,0,1,0,0,0,2,0,0,public
2,5,18,6,95,0.142857143,8,0,0.266666667,0,3.818181818,19,3,15,0.8,0,11,0,0,0,24,5715,80,91,1,42,1,other,1,0,0,0,1,1,0,0,public
2,4,3,6,228,0.4,13,2,0.433333333,1,5.857142857,19,1,18,0.884615385,0,0,0,0,1,161,5715,80,64,0.857142857,82,1,other,1,0,0,14,0,2,0,14,public
1,4,19,7,106,0.05,7,3,0.269230769,1,5.25,11,1,10,1,0,0,0,0,0,14,5715,80,56,1,42,1,other,0,0,0,8,0,2,0,8,public
0,0,0,1,2,0,0,0,0,0,4.142857143,12,1,11,0.666666667,0,0,0,0,0,165,5983,29,34,1,29,1,other,1,1,0,0,0,2,0,0,public
0,1,1,2,16,1,5,0,0.833333333,0,4.142857143,12,1,11,0.666666667,0,0,0,0,0,165,5983,29,34,1,29,1,other,1,1,0,0,0,2,0,0,public
0,1,2,2,33,1,7,0,0.7,0,4.142857143,12,1,11,0.666666667,0,0,0,0,0,165,5983,29,34,1,29,1,other,1,1,0,0,0,2,0,0,public
0,1,7,3,36,0.2,9,0,0.529411765,0,4.142857143,12,1,11,0.666666667,0,0,0,0,0,165,5983,29,34,1,29,1,other,1,1,0,0,0,2,0,0,public
0,1,7,2,43,0.2,8,0,0.615384615,0,4.142857143,12,1,11,0.666666667,0,0,0,0,0,165,5983,29,34,1,29,1,other,1,1,0,0,0,2,0,0,public
2,3,13,3,135,0.125,11,0,0.458333333,0,5.555555556,26,1,23,0.78125,0,0,0,0,0,165,5983,29,75,0.642857143,50,1,other,1,1,0,0,0,4,0,0,public
2,2,31,6,271,0.178571429,14,0,0.285714286,0,11.6,15,1,14,0.7,0,0,0,0,0,165,5983,29,63,0.833333333,58,1,other,1,4,0,0,0,5,0,0,public
2,2,13,3,102,0.2,12,0,0.5,0,5.333333333,26,1,24,0.704081633,0,0,0,0,0,165,5983,29,98,0.692307692,80,1,other,1,5,0,2,0,7,0,2,public
2,5,22,6,115,0.034482759,8,1,0.235294118,0,5.090909091,13,1,10,1,0,0,0,1,7,492,5983,29,58,0.022222222,56,1,other,1,0,0,0,0,1,0,0,public
0,2,1,1,7,1,4,0,1,0,1.47826087,9,5,7,0.949494949,0,0,1,3,6,334,5366,45,35,0.380952381,34,0,abstract,2,7,0,0,0,0,6,0,public
0,1,0,1,7,1,1,0,1,0,1.47826087,9,5,7,0.949494949,0,0,1,3,6,334,5366,45,35,0.380952381,34,0,abstract,2,7,0,0,0,0,6,0,public
0,0,1,3,31,0.75,1,3,1,0,1.47826087,9,5,7,0.949494949,0,0,1,3,6,334,5366,45,35,0.380952381,34,0,abstract,2,7,0,0,0,0,6,0,public
2,2,1,6,125,0.928571429,6,3,0.5,0,5.153846154,8,2,7,0.967592593,0,13,1,0,3,32,5366,45,41,0.666666667,67,1,other,12,5,1,1,15,1,9,1,public
2,6,1,6,118,0.923076923,7,1,0.388888889,1,7.090909091,13,1,12,0.992307692,0,0,0,0,0,15,5366,45,45,0.054545455,78,0.666666667,other,12,0,0,11,0,10,5,11,public
0,1,34,1,54,0.081081081,21,0,1,0,2,5,2,25,0.8875,0,15,1,1,1,424,5366,45,39,0.464285714,18,0.888888889,other,0,9,0,0,0,10,0,0,public
0,0,0,1,3,0,1,0,1,0,1,1,3,1,0,0,6,0,0,0,24,5518,54,6,1,1,1,other,0,0,0,0,0,0,0,0,public
0,2,0,1,4,1,0,0,0,0,1.8,0,2,0,1,0,2,1,0,0,24,5518,54,5,0,9,0.666666667,other,2,0,0,1,0,2,0,1,public
0,1,0,2,6,0,0,2,0,0,1.8,0,2,0,1,0,2,1,0,0,24,5518,54,5,0,9,0.666666667,other,2,0,0,1,0,2,0,1,public
2,4,11,3,99,0.214285714,4,1,0.266666667,0,3.692307692,17,1,13,0.944444444,0,0,0,0,0,59,5518,54,48,0,48,0,abstract,1,5,0,0,0,6,1,0,public
0,1,19,3,45,0.095238095,3,18,1,0,3.32,9,6,5,0.916666667,2,527,0,1,0,155,5518,54,44,0.213438735,83,1,other,0,24,0,0,23,1,0,0,public
2,2,2,7,101,0.888888889,8,0,0.444444444,1,27,8,1,8,0,0,0,0,0,17,372,5518,54,19,1,27,0.111111111,other,8,0,0,1,0,0,0,1,public
0,0,0,1,3,0,1,0,1,0,1.111111111,12,2,4,0,0,3,0,0,0,79,5788,43,20,0,10,1,other,0,0,0,0,0,0,0,0,public
0,0,0,1,3,0,0,0,0,0,1.111111111,12,2,4,0,0,3,0,0,0,79,5788,43,20,0,10,1,other,0,0,0,0,0,0,0,0,public
0,0,0,1,3,0,0,0,0,0,1.111111111,12,2,4,0,0,3,0,0,0,79,5788,43,20,0,10,1,other,0,0,0,0,0,0,0,0,public
0,1,2,4,41,0.666666667,3,1,0.6,0,3.5,10,3,7,0,0,11,0,0,0,240,5788,43,28,0,14,1,other,0,0,0,0,0,0,0,0,public
0,0,0,1,37,0,1,0,1,0,1,14,3,1,0,0,13,0,0,0,6,5959,88,47,0,2,1,other,0,0,0,1,0,0,0,1,public
0,1,6,4,51,0,7,4,0.636363636,1,5.555555556,18,1,20,1,0,0,0,0,3,74,5959,88,45,0.6,50,0.3125,other,17,0,0,9,0,6,0,9,public
0,1,6,1,16,0.333333333,1,0,0.5,0,1.6,15,3,2,1,0,43,3,0,0,20,5768,24,54,0,8,0.222222222,other,4,0,0,0,0,0,0,0,public
0,1,1,1,3,0,2,0,1,0,1.6,15,3,2,1,0,43,3,0,0,20,5768,24,54,0,8,0.222222222,other,4,0,0,0,0,0,0,0,public
0,1,1,1,3,0,1,0,1,0,1.6,15,3,2,1,0,43,3,0,0,20,5768,24,54,0,8,0.222222222,other,4,0,0,0,0,0,0,0,public
0,0,1,1,3,0,1,0,1,0,1.6,15,3,2,1,0,43,3,0,0,20,5768,24,54,0,8,0.222222222,other,4,0,0,0,0,0,0,0,public
0,4,10,3,57,0.090909091,6,9,0.333333333,1,4.363636364,16,1,13,1,0,0,0,0,0,154,5768,24,77,0.175,96,1,final,2,0,0,21,1,1,0,21,public
2,1,2,8,103,0.428571429,3,4,0.428571429,0,8,3,1,5,1,0,0,0,0,0,21,5768,24,21,1,80,1,other,5,1,0,1,0,6,0,1,public
0,1,11,3,33,0.083333333,3,0,0.6,0,6.285714286,16,1,11,0.961538462,0,0,2,0,3,62,5768,24,37,0.090909091,88,0.785714286,other,0,1,0,9,0,1,0,9,public
1,5,0,6,150,1,1,7,1,0,7.666666667,1,1,1,0.840136054,0,0,1,0,0,277,5768,24,16,1,115,1,other,0,14,0,1,9,14,0,1,public
2,5,0,8,217,1,1,5,1,0,7.666666667,1,1,1,0.840136054,0,0,1,0,0,277,5768,24,16,1,115,1,other,0,14,0,1,9,14,0,1,public
3,5,35,6,345,0.048780488,16,4,0.207792208,0,5.171052632,65,2,60,0.961088435,0,35,25,0,11,2644,5768,24,420,0.405045045,393,0.722222222,other,2,47,0,0,3,1,11,0,public
2,8,12,7,115,0.294117647,17,9,0.377777778,0,2.194285714,54,1,44,0.950944171,0,0,50,0,11,2644,5768,24,348,0.610065583,384,0.617142857,other,18,9,0,4,0,4,1,4,public
2,4,15,9,150,0.19047619,17,2,0.485714286,0,7.216666667,49,1,48,0.967855056,0,0,10,0,11,2644,5768,24,255,0.624915825,433,0.655737705,other,13,16,0,1,3,15,0,1,public
1,5,0,6,110,1,0,1,0,0,6.5,1,1,1,0.918263091,0,0,3,0,11,2644,5768,24,31,0.6,182,0.24137931,final,22,6,0,8,0,8,0,9,public
3,5,35,7,223,0.146341463,7,4,0.189189189,0,6.529411765,12,1,9,0.859375,3,0,4,0,11,2644,5768,24,86,0.40952381,111,0.625,other,2,6,0,1,0,1,2,1,public
2,4,13,6,103,0,6,0,0.545454545,1,7.65,18,1,16,0.868421053,0,0,0,1,11,2644,5768,24,74,0.076190476,153,1,final,0,2,0,14,0,2,0,14,public
0,2,0,1,26,1,4,0,1,0,1,4,5,4,1,0,520,1,1,2,96,6560,28,10,0.666666667,5,0.5,other,2,6,0,0,0,6,0,0,public
0,1,0,1,6,1,1,0,1,0,1,4,5,4,1,0,520,1,1,2,96,6560,28,10,0.666666667,5,0.5,other,2,6,0,0,0,6,0,0,public
0,1,0,1,5,1,0,0,0,0,1,4,5,4,1,0,520,1,1,2,96,6560,28,10,0.666666667,5,0.5,other,2,6,0,0,0,6,0,0,public
0,0,5,3,35,0.2,4,2,0.666666667,0,3.5,6,1,8,0.777777778,0,0,0,0,2,96,6560,28,23,0.933333333,35,1,other,0,2,0,0,0,3,0,0,package
2,1,8,6,167,0.272727273,4,3,1,0,3.740740741,11,1,9,0.807692308,0,0,2,0,6,588,6560,28,46,0.504761905,101,0,other,3,6,0,3,0,9,0,3,package
2,4,10,7,194,0.428571429,11,3,0.423076923,0,3.282352941,54,2,33,0.977891156,0,102,20,0,7,1029,6560,28,350,0.238430211,279,0.625,other,21,14,0,2,2,21,4,2,public
2,4,4,7,197,0,1,1,0.142857143,0,8.470588235,1,1,1,0.859375,0,0,0,1,8,850,6560,28,30,0.509090909,144,1,other,4,0,0,0,0,4,0,0,public
0,0,0,1,5,1,1,0,1,0,1.222222222,9,1,9,0.875,0,0,4,0,1,14,6818,183,23,0.714285714,11,0.375,other,2,3,0,1,0,5,1,1,public
0,0,0,1,3,1,0,0,0,1,1.222222222,9,1,9,0.875,0,0,4,0,1,14,6818,183,23,0.714285714,11,0.375,other,2,3,0,1,0,5,1,1,public
0,1,1,2,15,1,4,1,0.8,0,1.222222222,9,1,9,0.875,0,0,4,0,1,14,6818,183,23,0.714285714,11,0.375,other,2,3,0,1,0,5,1,1,public
0,1,0,1,3,1,1,0,1,0,1.222222222,9,1,9,0.875,0,0,4,0,1,14,6818,183,23,0.714285714,11,0.375,other,2,3,0,1,0,5,1,1,public
0,1,0,1,151,0,0,0,0,0,1.857142857,7,7,5,0.94375,0,651,5,3,0,55,6818,183,29,0.110294118,39,0.8125,other,1,7,0,0,0,8,2,0,public
2,0,10,7,167,0.4,11,2,0.458333333,0,3.642857143,20,1,15,0.813186813,0,0,2,1,0,12,6818,183,47,0.619047619,51,0.857142857,other,0,7,0,0,0,3,1,0,public
2,4,3,7,160,0.4,2,8,0.333333333,0,6.428571429,7,2,4,0.820512821,0,10,0,0,0,19,6818,183,39,0,90,1,other,3,0,0,0,0,3,0,0,public
2,0,4,6,265,0.666666667,13,3,0.619047619,0,2.869565217,40,5,30,0.959259259,3,98,7,0,0,67,6818,183,217,0.415384615,132,0.885714286,other,1,5,0,1,0,5,7,1,public
0,0,0,1,2,0,0,0,0,0,1,2,1,1,0,0,0,0,3,1,59,7232,64,3,1,2,0,abstract,0,0,0,0,0,0,0,0,public
0,2,0,1,4,0,1,0,1,0,1,2,1,1,0,0,0,0,3,1,59,7232,64,3,1,2,0,abstract,0,0,0,0,0,0,0,0,public
0,1,0,1,4,1,0,0,0,0,1.2,5,2,3,0.5,0,1,0,0,1,59,7232,64,11,1,6,1,other,0,2,0,0,0,2,0,0,public
0,2,0,1,4,1,0,0,0,0,1.2,5,2,3,0.5,0,1,0,0,1,59,7232,64,11,1,6,1,other,0,2,0,0,0,2,0,0,public
0,2,9,2,56,0,1,2,1,0,5.64,6,1,2,0.84375,0,0,0,0,1,72,7232,64,27,1,141,1,other,1,3,0,0,0,4,0,0,public
0,1,0,1,3,1,0,1,0,0,5.64,6,1,2,0.84375,0,0,0,0,1,72,7232,64,27,1,141,1,other,1,3,0,0,0,4,0,0,public
3,1,10,5,441,0.090909091,2,0,0.125,0,5.97826087,24,1,20,0.944444444,0,0,0,1,1,72,7232,64,102,0.318181818,275,1,other,1,3,0,3,0,4,0,3,public
2,4,0,10,223,1,6,1,0.5,0,6.538461538,11,2,12,0.666666667,0,17,0,0,10,972,7232,64,49,0.818181818,85,1,other,1,1,0,0,0,2,5,0,public
0,1,1,1,14,0.875,5,0,1,0,1.722222222,25,2,22,0.812244898,0,18,9,1,1,188,6880,22,117,0.242424242,62,0.742857143,other,0,8,0,0,8,0,0,0,public
0,1,5,1,15,0.583333333,7,0,0.777777778,0,1.722222222,25,2,22,0.812244898,0,18,9,1,1,188,6880,22,117,0.242424242,62,0.742857143,other,0,8,0,0,8,0,0,0,public
0,1,0,1,14,1,3,1,1,0,1.722222222,25,2,22,0.812244898,0,18,9,1,1,188,6880,22,117,0.242424242,62,0.742857143,other,0,8,0,0,8,0,0,0,public
0,1,0,1,13,1,3,0,1,0,1.722222222,25,2,22,0.812244898,0,18,9,1,1,188,6880,22,117,0.242424242,62,0.742857143,other,0,8,0,0,8,0,0,0,public
2,1,4,3,105,0.692307692,4,0,0.571428571,0,8.2,5,1,4,0.821428571,0,0,1,1,1,188,6880,22,15,1,41,0.285714286,other,9,7,0,0,0,7,0,0,public
3,11,0,6,346,0.133333333,2,0,1,1,9.029411765,45,2,26,0.884328358,0,25,19,1,2,681,6880,22,189,0.512156863,614,0.641509434,other,6,9,0,16,0,17,1,16,public
1,5,1,6,102,0.5,1,1,0.333333333,1,5.018518519,44,2,23,0.766037736,0,25,22,1,2,681,6880,22,158,0.442375887,271,0.551020408,other,2,14,0,5,14,2,1,5,public
3,11,5,7,309,0.444444444,1,0,0.25,0,9.896551724,12,1,12,0.89010989,0,0,2,1,3,144,6880,22,67,0.58008658,287,0.913043478,other,3,8,0,0,0,6,0,0,public
3,12,5,6,367,0.285714286,1,0,0.333333333,0,9.896551724,12,1,12,0.89010989,0,0,2,1,3,144,6880,22,67,0.58008658,287,0.913043478,other,3,8,0,0,0,6,0,0,public
2,13,23,6,135,0.115384615,8,3,0.32,0,8.347826087,21,1,16,0.827272727,0,0,3,0,4,301,6880,22,86,0.490909091,192,0.6,other,0,16,0,0,0,15,0,0,public
2,11,13,8,107,0.181818182,9,2,0.45,0,13,74,1,67,0.692036646,0,0,3,2,4,301,6880,22,219,0.501893939,442,0.36,other,13,94,0,0,0,0,22,0,public
1,4,5,8,165,0.666666667,4,0,0.571428571,0,11.57575758,42,1,37,0.787715517,0,0,3,2,1,74,6880,22,161,0.577777778,382,0.4375,other,7,50,0,0,0,51,0,0,public
3,24,12,7,646,0.333333333,4,2,0.5,0,11.57575758,42,1,37,0.787715517,3,0,3,2,1,74,6880,22,161,0.577777778,382,0.4375,other,7,50,0,0,0,51,0,0,public
3,29,18,8,673,0.28,5,3,0.5,0,11.57575758,42,1,37,0.787715517,3,0,3,2,1,74,6880,22,161,0.577777778,382,0.4375,other,7,50,0,0,0,51,0,0,public
3,26,19,8,576,0.269230769,5,3,0.384615385,0,11.57575758,42,1,37,0.787715517,3,0,3,2,1,74,6880,22,161,0.577777778,382,0.4375,other,7,50,0,0,0,51,0,0,public
0,1,0,1,3,1,0,0,0,0,2.653846154,10,1,8,0.901176471,0,0,5,0,2,112,7652,22,58,0.463157895,69,0.344827586,final,8,9,0,8,0,3,0,8,public
0,1,0,1,12,1,1,1,1,1,2.653846154,10,1,8,0.901176471,0,0,5,0,2,112,7652,22,58,0.463157895,69,0.344827586,final,8,9,0,8,0,3,0,8,public
0,1,0,1,10,1,0,1,0,1,2.653846154,10,1,8,0.901176471,0,0,5,0,2,112,7652,22,58,0.463157895,69,0.344827586,final,8,9,0,8,0,3,0,8,public
0,1,0,1,6,0,0,1,0,1,2.653846154,10,1,8,0.901176471,0,0,5,0,2,112,7652,22,58,0.463157895,69,0.344827586,final,8,9,0,8,0,3,0,8,public
2,4,39,2,239,0.35,9,2,0.642857143,1,2.201923077,29,1,21,0.95082994,0,0,47,0,2,112,7652,22,173,0.389404247,229,0.464912281,other,5,26,0,37,7,10,0,37,public
2,5,14,6,105,0.066666667,6,0,0.461538462,0,14.63636364,77,3,30,0,0,183,0,0,12,2196,7652,22,427,0,161,0,other,0,0,0,1,0,0,0,1,public
2,5,16,7,103,0,11,1,0.578947368,1,9.882352941,23,1,16,0.53125,0,0,0,0,12,2196,7652,22,57,0.458333333,168,1,other,0,2,0,5,2,0,0,5,public
2,7,21,6,145,0,12,1,0.6,1,9,57,3,31,0.952380952,0,58,0,0,12,2196,7652,22,224,0.073529412,198,1,other,0,4,0,3,4,0,0,3,public
2,5,13,6,132,0.176470588,7,3,0.538461538,0,6.830882353,68,2,48,0.848148148,0,48,0,0,12,2196,7652,22,369,0.82852377,929,0,other,1,3,0,0,1,0,3,0,public
2,8,11,6,143,0.153846154,4,5,0.666666667,0,3.704918033,21,1,15,0.960606061,0,0,10,1,1,168,7652,22,110,0.235028249,226,0.782608696,other,15,7,0,0,9,8,0,0,public
3,4,11,7,429,0.59375,3,12,0.5,0,13.23076923,12,1,17,0.980105001,0,0,6,0,0,114,7652,22,132,0.218461538,1032,0.793103448,other,23,44,0,16,3,94,2,16,public
2,6,2,7,183,0.904761905,1,2,0.25,0,8.366666667,3,1,3,0.875331565,0,0,1,0,0,121,7652,22,42,0.849002849,251,0.75,other,11,28,0,0,12,1,19,0,public
0,1,0,1,3,1,0,0,0,0,5.5,3,2,3,1,0,44,0,0,0,133,8059,110,10,1,22,1,other,4,0,0,2,0,4,0,2,public
3,4,33,6,129,0.23255814,9,2,0.225,0,8.4,11,2,9,0.966666667,0,15,1,0,1,16,8059,110,50,0.083333333,84,0.9,other,0,10,0,0,0,10,0,0,public
0,1,0,1,10,1,1,0,1,0,5,11,1,6,0.818181818,0,0,0,0,5,360,9246,40,22,1,20,1,other,7,4,1,0,0,2,0,0,public
0,2,11,2,18,0.266666667,3,0,0.5,0,5,11,1,6,0.818181818,0,0,0,0,5,360,9246,40,22,1,20,1,other,7,4,1,0,0,2,0,0,public
0,3,8,2,25,0,1,0,1,0,5,11,1,6,0.818181818,0,0,0,0,5,360,9246,40,22,1,20,1,other,7,4,1,0,0,2,0,0,public
2,4,8,7,251,0.4,6,3,0.4,0,6.903846154,28,1,32,0.970739065,0,0,9,2,5,360,9246,40,125,0.283391405,359,0.717948718,other,37,25,0,8,0,23,3,9,public
0,1,0,1,4,0,1,0,1,1,1,1,1,1,0,0,0,0,0,2,282,9900,48,2,1,1,1,other,0,0,0,1,0,0,0,1,public
0,1,0,1,13,1,2,1,0.4,1,1.75,9,2,5,1,0,12,0,0,2,282,9900,48,33,0.333333333,7,0.666666667,other,1,1,0,1,2,0,2,1,public
0,0,0,1,4,0,1,0,1,0,1.75,9,2,5,1,0,12,0,0,2,282,9900,48,33,0.333333333,7,0.666666667,other,1,1,0,1,2,0,2,1,public
0,0,7,3,39,0.222222222,4,0,0.5,0,3.548387097,25,1,27,0.949094047,0,0,2,0,2,282,9900,48,160,0.623163842,220,0.1,other,9,9,1,1,0,1,59,1,public
2,4,1,6,117,0.8,4,0,0.363636364,1,4.055555556,24,1,20,0.958823529,0,0,1,2,8,135,9900,48,61,0.515151515,73,0.9,other,7,3,0,5,2,8,0,5,public
3,0,52,8,394,0.158730159,23,7,0.469387755,0,5.92,30,1,26,0.939102564,3,0,8,0,7,317,9900,48,92,0.301470588,148,0.736842105,other,0,12,0,4,1,0,1,4,public
2,0,7,7,102,0.65,12,4,0.545454545,0,2.958333333,74,4,38,0.93768997,0,59,6,1,11,379,9900,48,249,0.399460189,142,0.85,other,0,12,0,1,1,0,4,1,public
0,0,0,1,5,1,0,0,0,0,1,1,1,0,0,0,0,0,1,0,66,8798,21,1,1,1,0.083333333,other,0,11,1,0,0,0,0,0,public
0,3,0,1,27,1,0,0,0,0,1,0,5,0,1,0,520,0,1,0,66,8798,21,2,1,2,1,other,2,0,0,0,0,2,0,0,public
0,1,0,1,3,0,0,1,0,0,2.75,0,1,0,0.285714286,0,0,3,0,1,86,8322,36,8,0.7,22,0.571428571,other,0,5,0,0,5,0,0,0,public
0,2,0,1,4,1,0,0,0,0,2.75,0,1,0,0.285714286,0,0,3,0,1,86,8322,36,8,0.7,22,0.571428571,other,0,5,0,0,5,0,0,0,public
3,4,16,6,289,0.272727273,28,5,0.538461538,0,7.666666667,41,5,53,0.928571429,2,565,0,0,1,373,8322,36,127,1,69,0.5,final,6,1,0,0,0,5,0,0,public
0,0,0,1,2,0,0,0,0,0,1,2,4,4,1,0,23,1,0,3,455,10364,29,9,0,5,0.75,other,0,0,0,1,0,1,0,1,public
0,0,0,1,1,0,0,0,0,0,1,2,4,4,1,0,23,1,0,3,455,10364,29,9,0,5,0.75,other,0,0,0,1,0,1,0,1,public
0,0,0,1,1,1,0,0,0,0,1,2,4,4,1,0,23,1,0,3,455,10364,29,9,0,5,0.75,other,0,0,0,1,0,1,0,1,public
0,2,19,5,54,0.05,0,0,0,0,1.75,44,5,7,0.894179894,0,170,4,1,3,455,10364,29,190,0.263333333,49,0.80952381,other,1,6,0,0,0,7,6,0,public
1,9,2,6,124,0.5,2,0,1,0,2,19,1,15,0.933333333,0,0,3,0,4,2415,10364,29,28,0.428571429,22,0.625,other,4,2,0,0,1,0,1,0,public
0,0,0,1,4,0,0,1,0,0,1.869565217,10,1,7,0.779220779,0,0,5,1,6,299,10384,42,38,0.785714286,43,0.739130435,other,1,5,0,0,4,2,1,0,public
0,1,0,1,5,0,0,1,0,0,1.869565217,10,1,7,0.779220779,0,0,5,1,6,299,10384,42,38,0.785714286,43,0.739130435,other,1,5,0,0,4,2,1,0,public
0,0,0,1,11,1,0,0,0,0,1.869565217,10,1,7,0.779220779,0,0,5,1,6,299,10384,42,38,0.785714286,43,0.739130435,other,1,5,0,0,4,2,1,0,public
0,4,4,3,141,0.733333333,9,0,0.692307692,1,2.684210526,33,3,15,0.913580247,2,50,2,1,4,961,10384,42,116,0.333333333,51,0.933333333,final,0,9,0,6,0,9,0,6,package
2,9,5,6,152,0.375,8,0,0.533333333,0,4.375,27,3,9,1,0,34,0,0,5,754,10384,42,75,0.476190476,35,1,other,4,0,0,2,0,4,0,2,public
0,1,0,1,3,1,0,0,0,0,1,0,1,0,0.5,0,0,1,0,1,66,10153,54,3,1,3,0.666666667,other,0,1,0,0,0,1,0,0,public
0,0,0,1,3,1,0,0,0,0,1,0,1,0,0.5,0,0,1,0,1,66,10153,54,3,1,3,0.666666667,other,0,1,0,0,0,1,0,0,public
0,0,0,1,4,1,0,0,0,0,1,0,1,0,0.5,0,0,1,0,1,66,10153,54,3,1,3,0.666666667,other,0,1,0,0,0,1,0,0,public
3,1,3,7,325,0.5,5,0,0.625,0,14,7,1,5,1,0,0,0,1,2,95,10153,54,11,1,42,1,other,4,1,0,0,0,5,0,0,public
3,4,8,9,192,0.529411765,14,5,0.318181818,0,6.863636364,40,5,26,0.93877551,0,27,3,2,2,253,10153,54,143,0.404411765,151,0.8125,other,9,5,0,1,1,13,2,1,public
2,4,10,6,118,0.277777778,15,1,0.46875,0,5.25,35,2,24,0.976190476,2,5,0,1,2,1168,10153,54,71,0.047619048,42,1,final,5,1,0,1,4,2,0,1,public
0,0,0,1,3,0,0,0,0,0,1.071428571,4,1,3,0.903846154,0,0,3,1,0,11,11967,149,19,0.076923077,15,0.785714286,other,0,4,0,1,0,4,0,1,public
0,0,0,1,4,1,0,0,0,0,1.071428571,4,1,3,0.903846154,0,0,3,1,0,11,11967,149,19,0.076923077,15,0.785714286,other,0,4,0,1,0,4,0,1,public
0,0,0,1,4,1,0,0,0,0,1.071428571,4,1,3,0.903846154,0,0,3,1,0,11,11967,149,19,0.076923077,15,0.785714286,other,0,4,0,1,0,4,0,1,public
0,0,13,3,250,0.1875,12,0,0.461538462,0,1,28,3,12,1,0,45,4,0,0,113,11967,149,120,0,9,0.555555556,other,0,5,0,0,0,5,0,0,public
0,1,10,3,28,0.285714286,1,0,1,0,5.666666667,8,2,2,0.5,0,21,0,0,0,190,11967,149,30,1,17,1,final,0,1,0,0,0,1,0,0,public
3,4,13,10,1134,0.660377358,30,12,0.38961039,0,7.898305085,55,2,43,0.969211823,2,10,27,0,15,386,11967,149,190,0.295238095,466,0.357142857,other,8,20,0,5,0,28,0,5,public
3,4,3,7,166,0.6875,4,1,0.363636364,0,9.803030303,50,2,40,0.967983368,0,11,18,3,15,386,11967,149,212,0.138095238,647,0.527777778,final,11,26,0,2,0,37,3,2,public
0,2,8,2,38,0,4,0,0.363636364,0,8,13,3,4,0,0,14,0,0,0,74,11709,382,28,0,16,1,other,0,0,1,0,0,0,0,0,public
2,1,5,6,108,0.166666667,6,0,0.4,0,3.772727273,16,2,12,0.714285714,0,9,1,0,0,180,11709,382,69,0.642105263,83,0.928571429,other,0,3,0,0,0,0,7,0,public
2,8,0,6,112,1,8,7,0.888888889,0,2.235294118,29,2,17,0.964791427,0,60,27,2,5,1076,11810,69,163,0.129032258,152,0.458333333,other,13,26,0,0,0,26,5,0,public
0,1,0,1,4,0,0,1,0,1,2.857142857,9,1,8,0,0,0,0,0,4,129,12486,133,20,0,20,1,final,0,0,0,1,0,0,0,7,public
2,4,6,5,183,0.454545455,13,1,0.464285714,0,3.166666667,19,1,17,0.931372549,0,0,8,0,4,129,12486,133,53,0.736263736,57,0.5,other,1,5,0,0,0,5,0,0,public
2,9,2,8,125,0.75,4,3,0.363636364,0,2.963636364,39,2,24,0.899782135,0,69,2,1,6,1771,12486,133,226,0.574879227,163,0.935483871,other,3,14,0,3,1,14,10,4,package
2,4,16,9,175,0.058823529,9,1,0.529411765,0,9,24,2,16,1,0,4,0,0,6,1771,12486,133,35,0.166666667,45,1,final,1,1,1,1,1,1,0,1,package
0,0,0,1,6,1,0,0,0,0,1,24,5,3,1,0,49,0,0,1,182,15627,106,79,0,2,1,final,1,0,1,0,0,1,0,0,public
0,2,1,1,7,0,3,0,1,0,1,24,5,3,1,0,49,0,0,1,182,15627,106,79,0,2,1,final,1,0,1,0,0,1,0,0,public
0,0,0,1,21,1,1,0,1,0,1.724137931,22,4,10,0.961309524,0,41,21,1,1,182,15627,106,110,0.259259259,50,0.16,final,2,22,0,0,0,19,4,0,public
3,4,14,6,248,0,2,2,0.5,0,15.66666667,3,1,2,0,0,0,0,1,0,7,15627,106,7,1,47,1,other,0,0,0,0,0,0,0,0,public
0,1,0,1,3,1,0,0,0,0,1.315789474,25,1,5,1,0,0,0,1,0,19,13676,37,28,0.006535948,25,1,other,0,2,0,0,0,3,0,0,public
3,1,26,4,206,0.365853659,16,1,0.470588235,0,16.27272727,36,3,25,1,2,22,0,0,1,1182,13676,37,168,0.133333333,179,1,other,1,4,0,0,4,1,9,0,public
2,6,20,3,103,0.487179487,13,2,0.333333333,0,4.333333333,32,1,27,0.924768519,2,0,3,2,1,1182,13676,37,145,0.251231527,143,0.545454545,other,1,26,0,0,0,1,23,0,public
3,4,41,6,381,0.229166667,6,1,0.25,0,7.109649123,67,3,32,0.987599935,3,0,41,1,16,3633,13676,37,500,0.092497172,1621,0,abstract,55,25,0,11,0,27,5,11,public
2,5,15,7,126,0.066666667,12,0,0.5,1,4.888888889,15,2,12,0.958333333,0,0,4,1,2,153,13676,37,37,0.285714286,44,0,abstract,1,2,0,1,0,3,0,1,public
0,1,1,1,6,0.5,1,0,1,0,1,3,2,1,0,0,2,0,0,2,428,17113,66,4,1,1,1,other,0,0,0,0,0,0,0,0,public
0,2,0,1,5,1,0,0,0,0,1,2,1,1,0.833333333,0,0,1,0,2,428,17113,66,4,1,3,0.666666667,other,0,3,0,0,0,0,0,0,public
0,1,0,1,4,1,0,0,0,0,1,2,1,1,0.833333333,0,0,1,0,2,428,17113,66,4,1,3,0.666666667,other,0,3,0,0,0,0,0,0,public
2,1,4,6,128,0.818181818,8,3,0.666666667,0,5.56,58,2,27,0.975833333,0,47,2,0,0,75,17113,66,196,0.437229437,139,0.6,other,13,37,0,1,0,4,18,1,public
2,5,9,7,157,0.608695652,10,4,0.4,0,5.56,58,2,27,0.975833333,2,47,2,0,0,75,17113,66,196,0.437229437,139,0.6,other,13,37,0,1,0,4,18,1,public
0,2,0,2,7,1,1,0,1,0,2.142857143,3,1,3,0.666666667,0,0,0,1,5,203,17321,75,11,0.666666667,15,1,other,0,1,0,1,0,1,0,1,public
0,3,0,1,4,1,1,0,1,0,2.142857143,3,1,3,0.666666667,0,0,0,1,5,203,17321,75,11,0.666666667,15,1,other,0,1,0,1,0,1,0,1,public
2,1,0,5,161,0,1,4,0.25,1,6.875,3,1,3,0.828571429,0,0,0,2,5,203,17321,75,14,0.75,55,0.857142857,other,1,9,1,1,0,0,2,1,public
1,12,0,7,104,1,4,7,0.8,0,4.137254902,13,1,14,0.955,0,0,11,2,5,203,17321,75,106,0.511836735,211,0.388888889,other,0,8,1,2,0,0,32,2,public
2,6,4,6,193,0.84,4,2,0.363636364,0,16.5,11,1,10,0.684210526,0,0,2,1,0,254,17321,75,58,0.8,165,0.6,other,1,21,1,0,1,0,5,0,public
0,0,0,1,5,0,1,0,1,0,1.333333333,10,4,3,0,0,67,0,0,0,17,18015,125,41,0,4,1,other,0,0,0,0,0,0,2,0,package
0,0,1,2,5,1,3,0,0.75,0,1.333333333,10,4,3,0,0,67,0,0,0,17,18015,125,41,0,4,1,other,0,0,0,0,0,0,2,0,package
0,1,1,1,5,1,3,0,0.75,0,1.333333333,10,4,3,0,0,67,0,0,0,17,18015,125,41,0,4,1,other,0,0,0,0,0,0,2,0,package
2,6,0,6,147,0.333333333,6,4,0.857142857,0,3.192307692,9,2,10,0.935,0,12,3,0,0,1237,18015,125,57,0.448529412,83,0.764705882,other,3,5,0,0,0,7,0,0,package
3,5,0,7,388,0,3,2,0.6,0,21.75,3,1,3,0,0,0,0,1,1,36,18015,125,9,0,87,1,other,0,0,1,0,0,0,0,0,public
0,3,1,2,8,0.666666667,2,0,1,0,3,47,7,3,1,0,0,0,0,0,79,17693,77,7,1,6,0,abstract,0,2,0,0,2,0,1,0,public
0,1,0,3,11,1,2,0,0.666666667,0,3,47,7,3,1,0,0,0,0,0,79,17693,77,7,1,6,0,abstract,0,2,0,0,2,0,1,0,public
0,1,0,1,3,0,0,0,0,0,1,0,5,0,0,0,15,0,0,0,8,19618,133,1,1,1,1,final,0,0,0,0,0,0,0,0,public
0,0,0,1,3,0,0,0,0,0,1,0,4,0,0,0,15,0,0,0,8,19618,133,4,1,4,1,final,0,0,0,0,0,0,0,0,public
2,1,28,4,176,0.348837209,16,0,0.666666667,0,7.8,25,1,20,0.953125,0,0,0,1,0,5,19618,133,37,1,39,1,other,0,16,0,1,0,16,0,1,public
2,1,7,6,108,0,10,1,0.454545455,1,10,13,1,10,0,0,0,0,0,0,25,19618,133,24,1,20,1,final,0,0,0,2,0,0,0,2,public
0,1,0,1,4,0,1,1,1,0,4.454545455,26,3,15,0.96,0,50,0,0,0,16,1092,16,137,0.222222222,49,0.875,other,1,4,0,0,0,0,4,0,public
0,0,0,1,8,0,0,1,0,0,4.454545455,26,3,15,0.96,0,50,0,0,0,16,1092,16,137,0.222222222,49,0.875,other,1,4,0,0,0,0,4,0,public
0,0,0,2,20,1,3,0,1,0,4.454545455,26,3,15,0.96,0,50,0,0,0,16,1092,16,137,0.222222222,49,0.875,other,1,4,0,0,0,0,4,0,public
0,0,2,2,21,0.666666667,4,0,0.8,0,4.454545455,26,3,15,0.96,0,50,0,0,0,16,1092,16,137,0.222222222,49,0.875,other,1,4,0,0,0,0,4,0,public
2,3,11,6,339,0.266666667,14,1,0.358974359,0,4.454545455,17,1,15,0.9,2,0,2,3,0,168,1092,16,56,0.177777778,49,0.666666667,other,2,3,0,0,3,0,1,0,public
0,2,1,2,13,0.666666667,3,1,1,0,3.333333333,5,1,5,0.8,0,0,0,2,0,17,1092,16,11,0.6,20,1,other,0,3,0,0,0,0,1,0,public
