NB,CART,SVM,KNN,LogR,RF,XGB,DF,Bagging,AdaBoost,O-NB,O-CART,O-SVM,O-KNN,O-LogR,O-RF,O-XGB,O-DF,O-Bagging,O-AdaBoost,LR,PR,RFR,DTR,BRR,NNR,SVR,KNR,GBR,GPR,SDGR,RankingSVM,RankBoost,RankNet,LambdaRank,ListNet,AdaRank,CoordinateAscent,LTR
0.4181737516363243,0.8972831299871868,0.8583325077599886,0.7018368986150357,0.8730604135058393,0.9619029485349028,0.9078074647039812,0.9619029485349028,0.930175433694397,0.8176894180588729,0.5757452793733717,0.9161834382871574,0.8745244048725838,0.7018368986150357,0.8583325077599886,0.9315516419063744,0.8892074429619813,0.9619029485349028,0.9447340060939066,0.9327659178559844,0.8895267558053348,0.7229871489178306,0.9356055757585994,0.8685143127548149,0.8895267558053348,0.8895267558053348,0.9099306810262976,0.7823356327470062,0.93609501718575,0.7899731786897701,0.8908550618325616,0.1825741858350553,0.7466990904971075,0.3354101966249684,-0.0967098088642765,-0.0648013159466449,0.1057151096191837,-0.1048314224727046,0.5520621121730285
0.4189284818586418,0.9319727891156464,0.9078074647039812,0.7653890587258461,0.8652902194186083,0.9512162189999104,0.9512162189999104,0.9078074647039812,0.9512162189999104,0.889353902694674,0.6779133740135603,0.9619029485349028,0.9078074647039812,0.8039196776249243,0.8652902194186083,0.9512162189999104,0.9512162189999104,0.9512162189999104,0.9512162189999105,0.9619029485349028,0.8488573980566636,0.7795384126079415,0.92101114370726,0.9705215419501132,0.8488573980566636,0.8277367018915915,0.8783345239615793,0.7860502851332496,0.92101114370726,0.8358281621069655,0.804803245292489,0.1825741858350553,0.7196581854618911,0.7604524849452531,-0.0967098088642765,0.0967098088642765,0.6505409838740464,-0.1048314224727046,0.5694480817334892
0.6670025556008938,0.902084770605436,0.9049473135343156,0.6654964218749374,0.8798185941043083,0.963492920127772,0.9226215050398614,0.947618034598738,0.939061488886812,0.9090919882580144,0.8944271909999157,0.9572290580103376,0.8490587176169837,0.6654964218749374,0.917491525445882,0.9501133786848072,0.8975274678557507,0.963492920127772,0.9591836734693877,0.9496801147491554,0.8261092354078015,0.8135028260999235,0.9196340557339712,0.9365079365079364,0.8261092354078015,0.8421732276134621,0.8513941480015783,0.6671232644357482,0.9196340557339712,0.7982300365046155,0.7980498788703992,0.1825741858350553,0.731489776118417,0.1490711984999859,-0.0967098088642765,0.2688605544374747,0.1454785934906615,-0.1048314224727046,0.4813299149207703
0.6295004748324494,0.8529433594327791,0.9000696017296663,0.817452973621051,0.9078074647039812,0.9428090415820634,0.9315516419063744,0.9072647087265548,0.8629562115346445,0.839929346771069,0.6353138302883753,0.9315516419063744,0.9078074647039812,0.8583325077599886,0.9000696017296663,0.9315516419063744,0.9315516419063744,0.9315516419063744,0.9599593761525921,0.9240833396039368,0.8173378965356997,0.6591498716726663,0.9049473135343156,0.919057126057438,0.8173378965356997,0.8241633836921342,0.8272371773479802,0.809546353438863,0.9024943310657596,0.7832904826566098,0.7589701167607663,0.1825741858350553,0.6976044949184749,0.6206229488570845,-0.0967098088642765,-0.0274731141835801,0.145802960879951,-0.1048314224727046,0.6242654516490757
0.6114969138258706,0.967280819570018,0.8435484769916287,0.7858949718434631,0.9075904958553552,0.967280819570018,0.967280819570018,0.967280819570018,0.967280819570018,0.9567602319639584,0.7745966692414835,0.967280819570018,0.8838866025023303,0.7858949718434631,0.9212800968437432,0.967280819570018,0.967280819570018,0.967280819570018,0.967280819570018,1.0,0.935202762683204,0.8758942112899234,0.9797608855624781,0.967280819570018,0.935202762683204,0.935202762683204,0.935202762683204,0.8555068373557635,0.9440515045461578,0.9373980743326952,0.8759815782295741,0.1838290060036115,0.7458324105687091,0.4609945381890138,-0.0967098088642765,-0.277389944402327,0.3137126982389248,-0.1048314224727046,0.6684723972700367
0.4968814262372528,0.8239190389829454,0.8524226902661616,0.5737883654918823,0.9140467646940992,0.8874185312357497,0.9016195594181062,0.8874185312357497,0.8554994795238431,0.8412401562425377,0.6758903555505235,0.8865279580557959,0.8791850780209348,0.5737883654918823,0.8648374447691546,0.8874185312357497,0.9016195594181062,0.9284163702544912,0.8874185312357497,0.8759293481469447,0.8259126233700551,0.8281430501046754,0.8634427697656283,0.8360181894445353,0.8259126233700551,0.8268413419505957,0.8209720133327062,0.7905683438816712,0.9016195594181062,0.7820959348075754,0.8266964671235755,0.1838290060036115,0.713736986276923,0.6992058987801011,-0.0967098088642765,0.3632483055111484,0.1435427203258164,-0.1048314224727046,0.4670577509758682
0.6017596072338679,0.963492920127772,0.8321748708665134,0.6941928663074721,0.8961297955461902,0.9732155676488424,0.9863245059127904,0.9732155676488424,0.9757843882814446,0.963492920127772,0.6803346842535314,0.9471264367816092,0.9284163702544912,0.739985214108909,0.923770666446164,0.9884389178158018,0.9757843882814446,0.9884389178158018,0.9757843882814446,0.963492920127772,0.8814825547070535,0.7274936301610471,0.9757843882814446,0.9385355432993304,0.8366560250895912,0.8648574093903875,0.8523671736314538,0.7219295436604962,0.9884389178158018,0.7161869136777506,0.8234222098807172,0.1838290060036115,0.7424032960373588,0.6100933478193917,-0.0967098088642765,-0.0930295452061931,-0.0137615040861516,-0.1048314224727046,0.6029686766435146
0.5450559517666758,0.8675005090477509,0.8524226902661616,0.5154488593517952,0.86874805179339,0.9135092874028944,0.9732155676488424,0.9284163702544912,0.9155465899792335,0.858136625155313,0.6966691497449525,0.923077531452845,0.9134775554927947,0.5636248754575836,0.86874805179339,0.9284163702544912,0.963492920127772,0.958204315623789,0.9757843882814446,0.9701149425287358,0.8296837826926923,0.6827586206896552,0.9345063411946962,0.9133310383745664,0.815960618535093,0.7930171557900407,0.8436012195922314,0.7244528443320595,0.899466440465813,0.8000555035210714,0.8014638562768552,0.1838290060036115,0.6917470026180216,0.7616469659860505,-0.0967098088642765,-0.0348860794523224,-0.176254215004713,-0.1048314224727046,0.6371892062647887
0.4521322963867992,0.9049113616247958,0.8648374447691546,0.7595210135181372,0.8648374447691546,0.9601363367547364,1.0,0.9601363367547364,0.9886515189124016,0.9231672172102776,0.7040114941590414,0.9151262692009372,0.8804782083987911,0.7595210135181372,0.9140467646940992,0.9601363367547364,0.96059821464786,0.9601363367547364,0.9732155676488424,0.9151262692009372,0.8977400249468364,0.7344848063901788,0.9584624083292188,0.9627317497638084,0.9087907874057398,0.8926235876881756,0.8590236728573303,0.8369906970750682,0.96059821464786,0.8859093607507198,0.8307144373739881,0.1838290060036115,0.7541357039835538,0.8050118928857073,-0.0967098088642765,0.1849358448586481,0.0485322540915377,-0.1048314224727046,0.575355961782461
0.618116629631033,0.8574682578913085,0.8924058840298039,0.6612323164545011,0.8924058840298039,0.8768488159655042,0.8432571690999192,0.8768488159655042,0.8477469778188902,0.785883283227178,0.6093857815345481,0.8274939629230077,0.8924058840298039,0.6084896003050984,0.940678396956754,0.8895764787824234,0.8576163088534355,0.8768488159655042,0.83428078747284,0.8477469778188902,0.7987049505812828,0.6682111117356158,0.8526388071002261,0.8526388071002261,0.7883321830057082,0.7812307442944967,0.7827070927490527,0.7429973723549864,0.8777836512774446,0.7741930133232411,0.800947028137548,0.1821615882775299,0.707821773739738,0.7318351926479428,-0.0967098088642765,-0.3226500283044133,-0.061862529405857,-0.1048314224727046,0.5307591873920093
0.0805931353690814,0.8427792594114119,0.7552092833080813,0.7198379059945773,0.8318815163039281,0.8966654385477165,0.9747622263365,0.8966654385477165,0.8917535024605366,0.8677699119298132,0.6146190150869806,0.9773242630385488,0.8059549782111458,0.817452973621051,0.8652902194186083,0.9747622263365,0.9772310981799486,0.9483529199677604,0.9772310981799486,0.9773242630385488,0.7366326057498455,0.5734258463254795,0.9119215051751064,0.917491525445882,0.7934728211694687,0.7909320507331336,0.7967366207222584,0.6692260607658396,0.9475250940694354,0.6891332207815375,0.7829220743466727,0.1825741858350553,0.7017658144161917,0.4481308172762256,-0.0967098088642765,0.1351845176089688,-0.0585636851249944,-0.1048314224727046,0.5961617483525308
0.639078123679305,0.9619029485349028,0.9428090415820634,0.6871180011766419,0.8944271909999157,0.9315516419063744,0.9447340060939066,0.9447340060939066,0.959959376152592,0.9619029485349028,0.7441905136722701,0.947618034598738,0.9119263416592588,0.878834886043216,0.9428090415820634,0.9512162189999104,0.9772310981799486,0.9512162189999104,0.9670834833776722,0.947618034598738,0.8636363636363636,0.7288828899950455,0.93609501718575,0.917491525445882,0.8636363636363636,0.8709995624018861,0.827582776551484,0.8062786816284364,0.9191382565564312,0.7794207782162346,0.809546353438863,0.1825741858350553,0.6900971145729234,0.7334928056269078,-0.0967098088642765,-0.2342547404999779,0.1663484498717571,-0.1048314224727046,0.6694169154113153
0.5101151883040776,0.901668429004309,0.8490091624450723,0.6710132159451271,0.8589340484999193,0.9619029485349028,0.9161834382871574,0.9512162189999104,0.901668429004309,0.9161834382871574,0.7007933277830962,0.9161834382871574,0.8428324379152909,0.7144824954627937,0.9000696017296663,0.9315516419063744,0.901668429004309,0.947618034598738,0.901668429004309,0.9161834382871574,0.8027611800157877,0.6950995408321846,0.9217832672514051,0.922721569239401,0.8027611800157877,0.8120598821694414,0.827582776551484,0.8096486906120463,0.9240833396039368,0.7674977690073422,0.8476096704814664,0.1825741858350553,0.7009634334671812,0.6992058987801011,-0.0967098088642765,-0.0274731141835801,0.1954034605868497,-0.1048314224727046,0.5629980200548693
0.6845821917460141,0.9586500480679244,0.7935947440953522,0.5719466391428034,0.8489333868396682,0.8989524608746112,0.941653994557594,0.941653994557594,0.977378067042336,0.9586500480679244,0.7909565208269081,0.9347803144969384,0.8377903996071316,0.6150010491992729,0.7935947440953522,0.941653994557594,0.9347803144969384,0.941653994557594,0.9747622263365001,0.9347803144969384,0.9341594207811296,0.6905260636040454,0.970825737976475,0.9615409224374832,0.925939694954698,0.8989331499509894,0.8890239086901468,0.7604666230107838,0.9543602858137648,0.7844626360202767,0.8360976786783755,0.1825741858350553,0.7523997336145285,0.2826001405603348,-0.0967098088642765,-0.2498146007117344,0.1904761904761904,-0.1048314224727046,0.4731878121204714
0.6598649299340281,0.8929392730827599,0.9601363367547364,0.8321748708665134,0.9732155676488424,0.9732155676488424,0.9566434443922665,0.958204315623789,0.902082266662794,0.8910002061404696,0.7557508909419576,0.9155641215979764,0.958204315623789,0.8321748708665134,0.9732155676488424,0.958204315623789,0.9155465899792335,0.9357822778583152,0.9155465899792335,0.9155465899792335,0.8293191212778775,0.8041496000941498,0.9050908873556379,0.859179064158657,0.8606994066453678,0.8166328036988978,0.917518408751576,0.8094383074473424,0.902082266662794,0.8723952193048289,0.8840764275666002,0.1838290060036115,0.6986465250215598,0.6992058987801011,-0.0967098088642765,-0.3348632660963578,0.2030953625890989,-0.1048314224727046,0.632095825525645
0.6285710688700935,0.8395916454858929,0.8961297955461902,0.6424852965802712,0.9075904958553552,0.9265230504321889,0.9265230504321889,0.8805349526184745,0.8395916454858929,0.8154904233293435,0.7750911453015731,0.9411380947167745,0.9113368484480237,0.6871856788973623,0.8092067022666988,0.9265230504321889,0.9265230504321889,0.9265230504321889,0.9265230504321887,0.9411380947167745,0.8291642533720267,0.7754344281244199,0.8791850780209348,0.8304547985373996,0.8291642533720267,0.8291642533720267,0.8523671736314538,0.797360093396791,0.8654665074001251,0.8039956130727531,0.8192210761568361,0.1838290060036115,0.6851817515208641,0.6992058987801011,-0.0967098088642765,0.1072112534837795,0.0465925227536433,-0.1048314224727046,0.5802469328520017
0.6607678846174551,0.9151262692009372,0.9037863582704568,0.7858949718434631,0.9037863582704568,0.9492889050691344,0.8830589778227979,0.9291641968594222,0.9291641968594222,0.9224803057835216,0.7229842258059764,0.9003419381872141,0.9037863582704568,0.8050118928857073,0.9037863582704568,0.9291641968594222,0.8950457273125307,0.9291641968594222,0.9091848138180667,0.9003419381872141,0.8056645574829919,0.8533908026625115,0.9134775554927949,0.9110979551511568,0.8056645574829919,0.8187213786444193,0.8211011322593776,0.7848961279817265,0.9134775554927947,0.8514453992704678,0.8074911037180251,0.1838290060036115,0.7033427583214338,0.7385340526234742,-0.0967098088642765,0.1048314224727046,0.0104627470095724,-0.1048314224727046,0.6115670797957177
0.3893416149355266,0.7955059098394152,0.855677455613958,0.7815282436729181,0.958204315623789,0.8874185312357497,0.924634323329364,0.9155465899792335,0.8907013300424523,0.8907013300424523,0.6653498129279202,0.8968556921969079,0.8578379135278913,0.725247128357151,0.9426556585197724,0.9284163702544912,0.924634323329364,0.9284163702544912,0.9260765543486867,0.905090887355638,0.7941338796778589,0.8217790747729227,0.9155465899792335,0.8963513901177096,0.7821472153586716,0.8152005246407004,0.8458231206045838,0.8318405298680036,0.9345063411946962,0.8007389735074623,0.7798050730945446,0.1838290060036115,0.7213117438986625,0.8140085205541897,-0.0967098088642765,0.292030391173963,0.0088652795805579,-0.1048314224727046,0.6539382942403265
0.4798800449812582,0.963593531105866,0.9005745292637476,0.739985214108909,0.9284163702544912,0.9884389178158018,0.9884389178158018,0.9884389178158018,0.9884389178158018,0.9411380947167745,0.6592849317777537,0.963593531105866,0.8974151591633753,0.739985214108909,0.9284163702544912,0.9884389178158018,0.9884389178158018,0.9452276514997574,0.9884389178158018,0.9332834844769152,0.8933099339116574,0.6849818914182193,0.9884389178158018,0.9406613343427538,0.8772446578094234,0.8772014771190207,0.8406001750187881,0.7823514523762678,0.9884389178158018,0.7908045977011494,0.8273453372675518,0.1838290060036115,0.7535293801140361,0.6371411635607466,-0.0967098088642765,-0.1057525290028278,0.063497940754271,-0.1048314224727046,0.6493694844480266
0.4843707908797773,0.9072421409351312,0.8559347465778705,0.6251344298398007,0.7724044412579375,0.9514274372063783,0.9345372460496616,0.9033469944699564,0.9199951860975344,0.9094723416154276,0.6787245236489639,0.9229516937531336,0.8676735057506828,0.6251344298398007,0.8089752999510418,0.9643880331695208,0.9229516937531336,0.9514274372063783,0.9095045901643958,0.9229516937531336,0.8648694578665735,0.8759145980799021,0.9199951860975344,0.8982526732408179,0.8648694578665735,0.8377916972896092,0.8274840398784368,0.8025465044246428,0.8982526732408179,0.8380656772170357,0.8044565805838492,0.1821615882775299,0.7512439718852691,0.7224238108812698,-0.0967098088642765,-0.1038805509215746,0.1844822116191411,-0.1048314224727046,0.531193978589169
0.5992627034007841,0.93609501718575,0.9078074647039812,0.742670209472753,0.901668429004309,0.9078074647039812,0.901668429004309,0.9619029485349028,0.9501133786848072,0.9501133786848072,0.7936507936507937,0.9426613939932512,0.93609501718575,0.742670209472753,0.901668429004309,0.9747622263365,0.9426613939932512,0.9619029485349028,0.9599593761525921,0.9517367063751268,0.9089189607426544,0.8179431685911707,0.9501133786848073,0.9426613939932512,0.8861163472177773,0.9369105444209858,0.9245003270420484,0.8855383170984581,0.9426613939932512,0.8695415858255104,0.891137139894205,0.1825741858350553,0.7251050110893045,0.6992058987801011,-0.0967098088642765,-0.1041158412590707,0.3162839837133552,-0.1048314224727046,0.6599608844526068
0.6426785923021622,0.8464850704543058,0.8589340484999193,0.4928476358570964,0.8652902194186083,0.9512162189999104,0.917491525445882,0.9512162189999104,0.9619029485349028,0.9452004915663764,0.7615359410724358,0.8557262583704554,0.8589340484999193,0.4928476358570964,0.8136465840564939,0.9619029485349028,0.917491525445882,0.9619029485349028,0.9619029485349028,0.9475250940694354,0.8653776425854945,0.7077304163197916,0.9068907970031523,0.9337107058215904,0.8178556052230335,0.8510432281063751,0.8219739714728547,0.732322736116628,0.8858257856184024,0.7833560306715764,0.7619047619047619,0.1825741858350553,0.7229350156969513,0.6992058987801011,-0.0967098088642765,0.0277183571470094,-0.1835929894634283,-0.1048314224727046,0.5045486718461064
0.5472492096302023,0.9161834382871574,0.9000696017296663,0.7018368986150357,0.9428090415820634,0.9078074647039812,0.9178146529232246,0.9178146529232246,0.9178146529232246,0.9074368567713073,0.7753122213006571,0.929993091695544,0.9078074647039812,0.7018368986150357,0.9000696017296663,0.9078074647039812,0.930071093768994,0.9178146529232246,0.9178146529232246,0.940890505484383,0.8858257856184024,0.7984224562844954,0.9178146529232246,0.9161834382871574,0.8858257856184024,0.8858257856184024,0.8488573980566636,0.9001800540180063,0.9178146529232246,0.8716717369253599,0.809546353438863,0.1825741858350553,0.699249586441589,0.8257058334884102,-0.0967098088642765,-0.0585636851249944,-0.0183243910632434,-0.1048314224727046,0.3604641605491478
0.4297666500157077,0.793911820065893,0.9512162189999104,0.7294682725762576,0.9619029485349028,0.9747622263365,0.9747622263365,0.9747622263365,0.9747622263365,0.9501133786848072,0.5019614592562871,0.9501133786848072,0.9747622263365,0.7294682725762576,0.9619029485349028,0.9747622263365,0.9747622263365,0.959959376152592,0.9747622263365001,0.9747622263365,0.8385246726910703,0.6633581268066594,0.9747622263365001,0.9501133786848072,0.8666168768371557,0.7974004805356435,0.8090891264698903,0.8060175511739514,0.9747622263365,0.7065025384832273,0.7836625709652933,0.1825741858350553,0.7469379056699705,0.5368756556470474,-0.0967098088642765,0.1202562553038346,0.0369060078869335,-0.1048314224727046,0.5933597082794956
0.74689935047562,0.9861213556167646,0.733400405481764,0.6724777910673945,0.7609010543704763,0.8961297955461902,0.8994609120660019,0.9212800968437432,0.9529265570507226,0.9861213556167646,0.7557508909419576,0.8949795203989565,0.7609010543704763,0.7201931413999583,0.7858949718434631,0.8961297955461902,0.9075904958553552,0.9531510064873214,0.958204315623789,0.8467670306467475,0.8285088434866775,0.7623718619872428,0.9652387857331155,0.8768343157802372,0.8369846372819377,0.8369846372819377,0.8559733612940496,0.7111590022187595,0.9483358718657338,0.6878872547815926,0.8319347004638369,0.1838290060036115,0.7282142486249653,0.4033702209153871,-0.0967098088642765,-0.1861708711917171,-0.2557978633305066,-0.1048314224727046,0.5650772024282118
0.5295804538259175,0.8930836339794539,0.9037863582704568,0.8152819551936752,0.86874805179339,0.9471264367816092,0.9365946261254978,0.9026927004279118,0.9280151513914636,0.8930836339794539,0.7184531315538975,0.8834479586067887,0.8977192250301518,0.8152819551936752,0.86874805179339,0.9273326034699466,0.9365946261254978,0.9479335441173318,0.9280151513914637,0.9280151513914636,0.862890225157768,0.7961148406754894,0.9520771272352628,0.9577299222488258,0.8493326315303424,0.8493326315303424,0.8695720786030376,0.8856394250214491,0.9577299222488258,0.8581502372752331,0.8074911037180251,0.1838290060036115,0.7203792137816704,0.7750911453015731,-0.0967098088642765,-0.2082623618263917,0.073852120330153,-0.1048314224727046,0.5492294447972481
0.5833057779667135,0.8096934285739648,0.855677455613958,0.6482358833323295,0.9135092874028944,0.9284163702544912,0.9155465899792335,0.9284163702544912,0.8874185312357497,0.7568670513615007,0.6776845182946374,0.8804597701149426,0.9155465899792335,0.7114243812836528,0.9601363367547364,0.9284163702544912,0.9155465899792335,0.9284163702544912,0.9050908873556379,0.8804597701149426,0.8233824267554263,0.8474155876392012,0.9109074769023303,0.8910002061404696,0.843069240269516,0.8568598852682688,0.8590236728573303,0.7748613047884684,0.8870071077479607,0.7933632757799681,0.8455795527379127,0.1838290060036115,0.7529349623326033,0.855677455613958,-0.0967098088642765,-0.2609346087174432,-0.176254215004713,-0.1048314224727046,0.650917447274858
0.6285710688700935,0.8705598426796832,0.7782992954620983,0.7815282436729181,0.8791850780209348,0.9732155676488424,0.9284163702544912,0.9284163702544912,0.9155465899792335,0.8705598426796832,0.8140085205541897,0.958204315623789,0.8096633356963591,0.8263268675010048,0.8791850780209348,0.9732155676488424,0.9884389178158018,0.909616341792416,0.9757843882814446,0.9732155676488424,0.87257307667172,0.7531550420432594,0.9345063411946962,0.902082266662794,0.8836015031558685,0.850385334001585,0.850385334001585,0.7332870590190144,0.9185383057146826,0.849619140042109,0.8304652840115896,0.1838290060036115,0.7067577749528164,0.8140085205541897,-0.1435427203258164,-0.1684403120306012,0.0595437451954758,-0.1048314224727046,0.6459265586505517
0.5572044678632473,0.7832911072401854,0.7555564754631887,0.8050118928857073,0.9140467646940992,0.8578379135278913,0.8724627079941376,0.958204315623789,0.807294331660414,0.7490840082420378,0.5302633545722482,0.8896953154386177,0.8405631962847127,0.8050118928857073,0.9037863582704568,0.9732155676488424,0.9044683995903288,0.9732155676488424,0.8766258645533686,0.8364467180058824,0.7452254738591609,0.509681426266946,0.7996141655900679,0.764444288910068,0.7368966054653407,0.7368966054653407,0.735665388216952,0.6709929959527161,0.8198116791877075,0.7098477303530358,0.7272922405309993,0.1838290060036115,0.6874959618441313,0.7580980435789034,-0.0967098088642765,0.0096866214802972,-0.0017843776411073,-0.1048314224727046,0.4972380886097317
0.4415278362801506,0.9495858862103724,0.8739212778044416,0.7388473266382397,0.8284700618612816,0.9514274372063783,0.9495858862103724,0.9514274372063783,0.9643880331695208,0.9495858862103724,0.637294487555336,0.9157404928642592,0.8665340784623439,0.7388473266382397,0.8284700618612816,0.9643880331695208,0.97487751998353,0.9033469944699564,0.9643880331695208,0.9643880331695208,0.8284424556318308,0.7790663795092182,0.9374586232162507,0.9643880331695208,0.8209938687725242,0.8201164008013602,0.7800738115012569,0.8044565805838492,0.9374586232162508,0.7769352992102582,0.7926685058828964,0.1821615882775299,0.7250833028313141,0.3505880258688515,-0.0967098088642765,-0.2735646358496683,0.0578052923501832,-0.1048314224727046,0.5766172901207804
0.5918259690037014,0.8947065394605296,0.8589340484999193,0.7653890587258461,0.9078074647039812,0.9178146529232246,0.940890505484383,0.9747622263365,0.9443016000760216,0.9161834382871574,0.8188726333266814,0.912235026193182,0.9337107058215904,0.8033488619262438,0.9178146529232246,0.9178146529232246,0.9198780624338634,0.9198780624338634,0.9299930916955439,0.912235026193182,0.850729388055247,0.7112533760142272,0.9443016000760216,0.9330728821214525,0.850729388055247,0.8752608940499177,0.8406209843727981,0.7063332821971215,0.9198780624338634,0.8497269426451615,0.8289023226411623,0.1825741858350553,0.7596383707223013,0.6992058987801011,-0.0967098088642765,0.1270424702571267,0.061113233135214,-0.1048314224727046,0.601061707928031
0.5175635817029092,0.6940797870920467,0.917491525445882,0.7772998207499269,0.8728986212747913,0.8929661541685627,0.9220327589845434,0.9319727891156464,0.8552397845082174,0.8316068077528899,0.5127743955404143,0.8800437139947878,0.9319727891156464,0.817452973621051,0.8859440752656081,0.9483529199677604,0.90382867923789,0.9747622263365,0.910791420582683,0.8770115986968262,0.8186329799575885,0.6767437760140856,0.8484922251691923,0.8190729279494122,0.8086937042208111,0.8237774101457046,0.7916430010346396,0.8333758492555738,0.8899883189799696,0.8133768717963472,0.8033412945026323,0.1825741858350553,0.7311393944166322,0.5018716061085405,-0.0967098088642765,-0.190159017233091,-0.1645480344686141,-0.1048314224727046,0.6072378935977968
0.5351668246790293,0.9359120284038008,0.9000696017296663,0.753971162813228,0.9000696017296663,0.9512162189999104,0.9447340060939066,0.9512162189999104,0.9512162189999104,0.886175114958525,0.752323984887014,0.9426613939932512,0.9078074647039812,0.753971162813228,0.9078074647039812,0.9512162189999104,0.9447340060939066,0.9512162189999104,0.9447340060939066,0.9441430525751348,0.904883882921365,0.8510109439665884,0.9512162189999105,0.9008128158627494,0.904883882921365,0.9217832672514052,0.8636363636363636,0.8527725846624918,0.9447340060939066,0.8245757278576232,0.8666971078367434,0.1825741858350553,0.7105855506377587,0.9000696017296663,-0.0967098088642765,-0.0585636851249944,-0.2247381152186528,-0.1048314224727046,0.6060736254826559
0.6462813939469987,0.8806242761255793,0.8490091624450723,0.6576267002770807,0.8589340484999193,0.9512162189999104,0.9447340060939066,0.9512162189999104,0.9512162189999104,0.9047829403203048,0.7813453848974923,0.90056432003879,0.8589340484999193,0.7604524849452531,0.8490091624450723,0.9512162189999104,0.9447340060939066,0.9428090415820634,0.9447340060939066,0.9106628504329136,0.8321257688337402,0.5775307757656133,0.9566434443922665,0.9245946589975048,0.8497719400490211,0.8204532659644744,0.8497719400490211,0.828770409325274,0.9448233646823296,0.7892884578421608,0.8855383170984581,0.1825741858350553,0.7195249448681921,0.7087741550405274,-0.0967098088642765,0.0212958854999979,0.1548418306318014,-0.1048314224727046,0.6217597391493781
0.5281341718623824,0.8848222598785953,0.8050118928857073,0.5950224568349761,0.8050118928857073,0.9492889050691344,0.9279697134317764,0.9120957493907024,0.9195402298850576,0.9404207629959628,0.6577953813529299,0.9577299222488258,0.7676454661452478,0.5950224568349761,0.8050118928857073,0.9601363367547364,0.9279697134317764,0.8408508820399244,0.9577299222488258,0.9577299222488258,0.7785601459892346,0.8190939766160753,0.9038352191900224,0.9433979769205982,0.7547329176267346,0.7724992152374814,0.7699188535494524,0.7062965664234389,0.9211434401891332,0.760241280169818,0.7485644869493079,0.1838290060036115,0.6381779149980015,0.725247128357151,-0.0967098088642765,-0.0274731141835801,0.0595437451954758,-0.1048314224727046,0.6269818059583043
0.5472395702785506,0.9333333333333332,0.8524226902661616,0.8152819551936752,0.8805349526184745,0.948568523181631,0.9457957427787052,0.9241379310344828,0.96059821464786,0.9333333333333332,0.7968223438971385,0.9180335532758016,0.8791850780209348,0.7580980435789034,0.8648374447691546,0.948568523181631,0.96059821464786,0.948568523181631,0.9426556585197725,0.9180335532758016,0.8353072654181595,0.8039956130727531,0.9296480105849225,0.9195402298850576,0.8353072654181595,0.8394475694442477,0.872534179145579,0.8614656441895981,0.9732155676488424,0.8275304753091021,0.872534179145579,0.1838290060036115,0.6878172632062135,0.9005745292637476,-0.0967098088642765,0.1946869274493086,0.1048314224727046,-0.1048314224727046,0.4909417093982715
0.5848373294228847,0.8625629607490926,0.9492889050691344,0.5759005487115546,0.9601363367547364,0.9732155676488424,0.9732155676488424,0.9732155676488424,0.9732155676488424,0.8625629607490926,0.7968223438971385,0.906305569178489,0.9601363367547364,0.5759005487115546,0.9601363367547364,0.9732155676488424,0.950632084630542,0.9732155676488424,0.9732155676488424,0.9151262692009372,0.9013819872639096,0.7741725812440545,0.9506320846305419,0.9385355432993304,0.9013819872639096,0.8846288629080045,0.8985136003897275,0.7226180793855833,0.950632084630542,0.8886161437316017,0.8538226744566272,0.1838290060036115,0.7036984766002681,0.6100933478193917,-0.0967098088642765,-0.093609501718575,0.1776643629159774,-0.1048314224727046,0.4684307075291288
0.2647112932259529,0.943091541082337,0.9037863582704568,0.5950224568349761,0.9140467646940992,0.9601363367547364,0.9601363367547364,0.9601363367547364,0.948568523181631,0.8015679274946009,0.4852391947786424,0.9368288137363138,0.9151262692009372,0.5950224568349761,0.9037863582704568,0.9601363367547364,0.9601363367547364,0.9601363367547364,0.9167972738720979,0.9180335532758016,0.8189144393644538,0.5340207947399805,0.948568523181631,0.943091541082337,0.8333414032630697,0.7950505331125794,0.7982350247787366,0.6779336067157342,0.948568523181631,0.6614109434374233,0.7503135573505726,0.1838290060036115,0.685962723069854,0.5913164739915446,-0.0967098088642765,0.1614773219378277,0.0,-0.1048314224727046,0.666288656891758
0.4387079269754714,0.8114408643686308,0.7695385527835727,0.6176324725312324,0.8168077471734503,0.9284163702544912,0.9345063411946962,0.9284163702544912,0.8593983574364839,0.7990810467175073,0.7226307773738709,0.919794589566452,0.8305102990920656,0.6647097715994328,0.86874805179339,0.9155465899792335,0.9757843882814446,0.9155465899792335,0.9345063411946962,0.919794589566452,0.8086265695231918,0.7274904393785193,0.9058467267051475,0.8078974375510685,0.8291642533720267,0.8245494954973874,0.8209720133327062,0.8215623718952937,0.9185383057146826,0.7988435652032673,0.7833220207225181,0.1838290060036115,0.7200526241633112,0.6802785493202872,0.1232929415063464,0.176254215004713,0.2061828940929041,-0.1048314224727046,0.4820495771928391
0.4955694282335106,0.9229516937531336,0.8466493135211666,0.7691731497465257,0.9014660745260716,0.9561520617781288,0.9006426005294614,0.944505467252788,0.977378067042336,0.9229516937531336,0.671946076794819,0.977378067042336,0.885323297648615,0.7691731497465257,0.9014660745260716,0.944505467252788,0.9006426005294614,0.9561520617781288,0.9692194482855118,0.977378067042336,0.8421803470561247,0.7671732760909329,0.9391716523715813,0.9475823586421754,0.8335747258676267,0.8513391064156252,0.8845270613282353,0.7970609724620035,0.9391716523715812,0.8906804739947796,0.7670002667284168,0.1821615882775299,0.740629955765344,0.562497387336128,-0.0967098088642765,-0.0274731141835801,0.0043924336099795,-0.1048314224727046,0.5932014447322458
0.5285158429877984,0.9033433145255444,0.9049473135343156,0.8944271909999157,0.9512162189999104,0.9512162189999104,0.9512162189999104,0.9082044829613524,0.9447340060939066,0.9033433145255444,0.5973216411016951,0.9512162189999104,0.8503401360544218,0.8944271909999157,0.9049473135343156,0.9512162189999104,0.9512162189999104,0.9512162189999104,0.9447340060939066,0.942093577034544,0.878269191365563,0.8202578573180865,0.9619029485349028,0.9155465899792335,0.870352101784011,0.8555271293025568,0.8453569593189023,0.8351784279540778,0.9315516419063744,0.7701412984874993,0.8137457780611086,0.1825741858350553,0.7173178274414165,0.579971777722472,-0.0967098088642765,-0.3507083189300879,-0.0063211743961902,-0.1048314224727046,0.6177584007491222
0.5662888944297417,0.8956419427010578,0.9078074647039812,0.6900715998057569,0.901668429004309,0.9178146529232246,0.8880652764982933,0.8880652764982933,0.8880652764982933,0.8956419427010578,0.7936507936507937,0.8767999627846252,0.8880652764982933,0.6900715998057569,0.8745244048725838,0.901668429004309,0.8880652764982933,0.8767999627846252,0.8880652764982933,0.8892972917998876,0.8167935257256531,0.7593436674873756,0.9047829403203047,0.8880652764982933,0.8251265595675519,0.8167935257256531,0.8780417056477214,0.8723785156179134,0.8880652764982933,0.820959061315946,0.7980498788703992,0.1825741858350553,0.7035892565812937,0.7529232524210426,-0.0967098088642765,-0.0585636851249944,0.1962293770695557,-0.1048314224727046,0.6083110689156228
0.6792499746531886,0.9063892061195148,0.7688721663976776,0.6576267002770807,0.7792549864646767,0.989743318610787,1.0,0.9747622263365,0.989743318610787,0.91156462585034,0.7142857142857143,0.9452004915663764,0.8242529678293723,0.6576267002770807,0.8318815163039281,0.989743318610787,1.0,0.989743318610787,0.989743318610787,0.9217832672514052,0.8894738767040282,0.8195001661032545,0.9371171888813753,0.9198780624338634,0.8818106137614469,0.920097745815028,0.883246206995626,0.7824607964359516,0.9598180137156624,0.8759076451055056,0.8497269426451615,0.1825741858350553,0.7575476328488507,0.21629522817435,-0.0967098088642765,-0.1041158412590707,0.0138551041419677,-0.1048314224727046,0.5238095238095238
0.5684604193057915,0.9661498010662392,0.9078074647039812,0.742670209472753,0.9078074647039812,0.942093577034544,0.9308748275204016,0.9670834833776722,0.9670834833776722,0.9661498010662392,0.7936507936507937,0.9240833396039368,0.9178146529232246,0.7855499266926212,0.9178146529232246,0.9198780624338634,0.9327659178559844,0.9441430525751348,0.9591836734693877,0.922721569239401,0.8961141552843046,0.8859858588144573,0.9496801147491554,0.923558055200831,0.8961141552843046,0.8961141552843046,0.8961141552843046,0.8131327714888599,0.9661498010662392,0.9225264040534308,0.8006868617211732,0.1825741858350553,0.742525368764366,0.5741676096351641,-0.0967098088642765,0.2821704828749735,0.1041158412590707,-0.1048314224727046,0.5713746268957443
0.563824102549954,0.9209924975413116,0.8869747109873171,0.7233533462077497,0.8961297955461902,0.9529265570507226,0.967280819570018,0.9212800968437432,0.9539519969959048,0.9401280370554828,0.7170350020321142,0.8611389043759216,0.870081193773948,0.8100890764981741,0.8961297955461902,0.9529265570507226,0.9088866406214876,0.9529265570507226,0.9209924975413117,0.924634323329364,0.8776224972946078,0.5048475854575274,0.9109074769023303,0.9345063411946962,0.8396071280996341,0.8333060474639129,0.8620092379710939,0.7395130086364463,0.9539519969959048,0.7933395345725637,0.8826700485088799,0.1838290060036115,0.7196540617240703,0.7821946845340062,-0.0967098088642765,-0.2177818108116175,0.1813954579782047,-0.1048314224727046,0.6701929060393199
0.5180456124209494,0.7515415215976607,0.8050118928857073,0.6482996431556582,0.8413663080405896,0.9005745292637476,0.855677455613958,0.9005745292637476,0.8719775384642697,0.7608953120990772,0.6031306771232454,0.899466440465813,0.8591777827227572,0.6927499354066526,0.8591777827227572,0.9005745292637476,0.8706790337958785,0.8830589778227979,0.8858655284587097,0.899466440465813,0.8606994066453678,0.6766056257995984,0.8455486912950898,0.8752161197669798,0.8606994066453678,0.8457369188823385,0.8361505844269052,0.7486705058152047,0.859932119314122,0.8022274668789392,0.8103670788623335,0.1838290060036115,0.7077664642398048,0.6992058987801011,-0.0967098088642765,0.1048314224727046,0.052522573143889,-0.1048314224727046,0.5895352804136276
0.2955610289586238,0.9160103707477568,0.9005745292637476,0.6565822680962651,0.9135092874028944,0.9601363367547364,0.9732155676488424,0.9601363367547364,0.9732155676488424,0.8435484769916287,0.5546729509492371,0.943575790523246,0.9135092874028944,0.6565822680962651,0.9492889050691344,0.9732155676488424,0.9732155676488424,0.9601363367547364,0.9732155676488424,0.9068486047848436,0.8228985285354623,0.6124015491112059,1.0,0.9471264367816092,0.8150199424329548,0.8470327243376033,0.7772097389180239,0.616337801922925,0.9758904250434308,0.6887318277821949,0.8381261779143016,0.1838290060036115,0.7363670494075272,0.855677455613958,-0.0967098088642765,-0.0232573863015482,-0.0493323476072606,-0.1048314224727046,0.5114536681181471
0.4150825596224913,0.859932119314122,0.8524226902661616,0.8152819551936752,0.8413663080405896,0.9601363367547364,0.9601363367547364,0.9601363367547364,0.868369540337534,0.8159617760924286,0.7385340526234742,0.8977192250301518,0.8675005090477509,0.8152819551936752,0.877417841718253,0.9601363367547364,0.9601363367547364,0.9601363367547364,0.9601363367547363,0.8776538970625831,0.8115657302406278,0.7180111435598264,0.9135092874028945,0.8479573306630265,0.8115657302406278,0.8293191212778775,0.8436012195922314,0.8301651192449826,0.9134775554927947,0.9018910452439908,0.8024165412613111,0.1838290060036115,0.6772943325746328,0.7385340526234742,-0.0967098088642765,0.2177818108116175,0.1048314224727046,-0.1048314224727046,0.6459265586505517
0.5029233636247951,0.7797047830712253,0.8140085205541897,0.6593492089252437,0.8874185312357497,0.9284163702544912,0.9284163702544912,0.9284163702544912,0.9155465899792335,0.8676348300451289,0.5657592358336136,0.9385355432993304,0.8706790337958785,0.6241673892132971,0.9135092874028944,0.9155465899792335,0.9732155676488424,0.9284163702544912,0.965598870044977,0.9455155956948476,0.7953548573212116,0.8315729743174948,0.9284163702544912,0.9457957427787052,0.7821472153586716,0.8614071100440058,0.8387678665946716,0.7995151206762418,0.902082266662794,0.7793103057799645,0.7358160689712626,0.1838290060036115,0.6933603467450377,0.6400104492354922,-0.0967098088642765,0.1946869274493086,0.0175624931959287,-0.1048314224727046,0.5202810953839953
0.5359544327957252,0.850442691777636,0.9200582135374528,0.6921069771449836,0.8739212778044416,0.9230970916816226,0.9316006224333212,0.9230970916816226,0.8781038374717833,0.9265934918711382,0.7905425456120346,0.860208547523419,0.940678396956754,0.6921069771449836,0.8739212778044416,0.9364347568457666,0.917467856671314,0.9230970916816226,0.8781038374717833,0.8992138855792339,0.8697397062333239,0.7750614866881655,0.9095045901643958,0.889213125903453,0.8596749997229298,0.8383792309336159,0.8097088322632717,0.6841084817120404,0.90744920993228,0.8297274679320329,0.8435146564377692,0.1821615882775299,0.7376815312280605,0.5554045036279728,-0.0967098088642765,0.2907363881687106,0.1487343140049673,-0.1048314224727046,0.5796226567318861
0.550837265954034,0.8356347646002446,0.8944271909999157,0.7839296655545726,0.9204554954999132,0.9619029485349028,0.9566434443922665,0.9447340060939066,0.8752834467120181,0.8562633981413258,0.724531350353284,0.9619029485349028,0.8781127864831006,0.7839296655545726,0.9512162189999104,0.9619029485349028,0.9566434443922665,0.9619029485349028,0.9619029485349028,0.963492920127772,0.8318016361403899,0.7739907193310381,0.8910100375714057,0.8752834467120181,0.8014162965753342,0.7665387031050559,0.8216978628121665,0.8577678793621121,0.9024943310657596,0.8089123752298218,0.7903152702481011,0.1825741858350553,0.6913585885237465,0.7294682725762576,-0.0967098088642765,0.5153238279970225,0.0480364004507035,-0.1048314224727046,0.6432958156758725
0.6031746031746031,0.9496801147491554,0.9078074647039812,0.7377576847646241,0.8745244048725838,0.989743318610787,0.989743318610787,0.989743318610787,0.9772310981799486,0.8764698615081027,0.6779133740135603,0.922721569239401,0.9178146529232246,0.7772998207499269,0.9178146529232246,0.9772310981799486,0.9773242630385488,0.989743318610787,0.9772310981799486,0.9150295749282688,0.8490949400747508,0.7552490634338735,0.989743318610787,0.9447340060939066,0.8490949400747508,0.8286434231933095,0.8570001206453348,0.769254264684354,0.9772310981799486,0.8460904611521484,0.7969762829281954,0.1825741858350553,0.7331652281832289,0.3354101966249684,-0.0967098088642765,0.1584857703500654,0.2809102251089337,-0.1048314224727046,0.6268262127461128
0.4518014021067613,0.989743318610787,0.9178146529232246,0.5616789800624472,0.8859440752656081,0.9747622263365,0.989743318610787,0.929993091695544,0.9773242630385488,0.9443016000760216,0.688346181728536,0.9547535747496892,0.8721665769876988,0.6299457878589391,0.8859440752656081,0.989743318610787,0.9773242630385488,0.9772310981799486,0.989743318610787,0.9899069531194046,0.84741378890362,0.7384018209135912,0.989743318610787,0.9773242630385488,0.8276849700936211,0.8307608759569601,0.8289023226411623,0.7823356327470062,0.9773242630385488,0.7899795968508211,0.8374196248601393,0.1825741858350553,0.7473499461784856,0.7334928056269078,-0.0967098088642765,0.0132071475291721,-0.1859211451054834,-0.1048314224727046,0.4926108374384236
0.7451109372339845,0.8585369939498861,0.9000696017296663,0.7294682725762576,0.9078074647039812,0.9078074647039812,0.8633346997906772,0.9000696017296663,0.8633346997906772,0.8751068310851915,0.7712413556379125,0.8088609780573114,0.9078074647039812,0.7693138636874276,0.8583325077599886,0.9078074647039812,0.8633346997906772,0.9078074647039812,0.8633346997906772,0.8088609780573114,0.8489366854625475,0.7759402897989853,0.8708490286493171,0.853281833651959,0.8750188497014587,0.8246499578619909,0.870132019561843,0.8585333738672247,0.8616780045351474,0.870729541614687,0.8868440532177395,0.1825741858350553,0.6977326551034067,0.6992058987801011,-0.0967098088642765,0.4866642633922876,0.0132071475291721,-0.1048314224727046,0.4846889047761774
0.5384511695916857,0.7990690787621193,0.8706790337958785,0.7665604624090233,0.9155465899792335,0.8929392730827599,0.8968556921969079,0.8865340396936502,0.8253754480296512,0.8237121267448371,0.7557508909419576,0.8968556921969079,0.8680824741499383,0.7815282436729181,0.9426556585197724,0.93609501718575,0.8722796266557208,0.8808205491998286,0.8776626784752379,0.8776626784752379,0.8860409385156592,0.8074911037180251,0.8253754480296512,0.8409633904016673,0.8209720133327062,0.8233626178685779,0.8273453372675518,0.7784283775121873,0.8391035857307528,0.8614656441895981,0.8396071280996341,0.1838290060036115,0.7086602105760987,0.9005745292637476,-0.0967098088642765,-0.0352508430009426,0.0930295452061931,-0.1048314224727046,0.6437751412132618
0.348322788219604,0.9386940860579804,0.9037863582704568,0.7595210135181372,0.9037863582704568,0.9492889050691344,0.9492889050691344,0.9037863582704568,0.9140467646940992,0.9386940860579804,0.6454972243679029,0.9333333333333332,0.9140467646940992,0.8014041197912516,0.9037863582704568,0.9037863582704568,0.9601363367547364,0.9037863582704568,0.948568523181631,0.9333333333333332,0.8781246597964357,0.6448740266157658,0.939715644764211,0.932754788136328,0.8652897082819474,0.8652897082819474,0.84171337214484,0.8828616677610885,0.939715644764211,0.8559733612940496,0.8136762043449725,0.1838290060036115,0.7246043480393324,0.5499131508147047,-0.0967098088642765,-0.1500957548772912,0.0021593941071901,-0.1048314224727046,0.5921360000104129
0.6337156072886764,0.884280581868328,0.8524226902661616,0.7062315025881518,0.9601363367547364,0.9732155676488424,0.9747126436781608,0.9732155676488424,0.9732155676488424,0.7991153923340262,0.9076309291293908,0.963492920127772,0.9884389178158018,0.725247128357151,0.9732155676488424,0.9732155676488424,0.9884389178158018,0.9732155676488424,0.9884389178158018,0.9536707450601488,0.8705021449111894,0.684064591100802,0.9732155676488424,0.9363848720161848,0.850385334001585,0.8749410754570193,0.8821713298976599,0.6685032174373867,0.9732155676488424,0.7445173430747944,0.8376349014946138,0.1838290060036115,0.7609534941722558,0.9005745292637476,-0.2518748867311108,0.3752393871932282,0.3069312698527547,-0.1048314224727046,0.5988586114957947
0.5278253492235168,0.8347600789695631,0.8591777827227572,0.7580980435789034,0.9037863582704568,0.9005745292637476,0.8342280264461852,0.8983929552960127,0.8858655284587097,0.8607785749374456,0.6579757249950168,0.8929392730827599,0.8945989611899694,0.7580980435789034,0.9037863582704568,0.8983929552960127,0.8578379135278913,0.8830589778227979,0.8858655284587097,0.8763061746531873,0.8333060474639129,0.832927489604677,0.8724627079941376,0.8172669911682685,0.8074911037180251,0.8164735026880368,0.8105041406925123,0.8056315197370754,0.8759293481469447,0.8293191212778775,0.7735012130728768,0.1838290060036115,0.6857532569832363,0.8152819551936752,0.2255966471250182,-0.0274731141835801,0.0551372160773723,-0.1048314224727046,0.6618026789446049
0.5833470168072173,0.8848750594379046,0.8321748708665134,0.6023739286781294,0.8435484769916287,0.9407874945122776,0.9407874945122776,0.8869747109873171,0.9407874945122776,0.9333333333333332,0.7170350020321142,0.9325561213890722,0.8342661445845684,0.651964317477857,0.8321748708665134,0.9407874945122776,0.9407874945122776,0.9309493362512627,0.9601363367547363,0.9652387857331156,0.8369846372819377,0.6697960829971246,0.9743958839613289,0.939715644764211,0.8234222098807172,0.8690622432582902,0.8427655569605877,0.6594078461441382,0.9652387857331156,0.8710864408425374,0.8107074470409045,0.1838290060036115,0.7268034350648728,0.6538469499200671,-0.0967098088642765,-0.0274731141835801,0.0078756791720192,-0.1048314224727046,0.4116209342795792
-0.0161705947419643,0.7948236070659725,0.8463764810828116,0.6597040757295592,0.7910558214032067,0.9264665098455296,0.9692194482855118,0.916643865005873,0.951817583498019,0.8780690055998676,0.4509775300432302,0.9242942524372147,0.8433006544655514,0.6597040757295592,0.7835111184190242,0.9643880331695208,0.9547535747496892,0.916643865005873,0.9692194482855118,0.9547535747496892,0.8278522254651659,0.8362507566558692,0.951817583498019,0.9363854017731442,0.8175240261840234,0.8407128357580003,0.8697912239500525,0.7611752081596785,0.9692194482855118,0.7751248896133143,0.8133529852341049,0.1821615882775299,0.706334771871094,0.2893815347101008,-0.0967098088642765,-0.152682602679767,0.0595437451954758,-0.1048314224727046,0.6170896062266334
0.4643212630916863,0.8757268893450526,0.8900127971162829,0.5774657738960309,0.8989524608746112,0.9619029485349028,0.9276041839985132,0.9619029485349028,0.9517367063751268,0.9024510255256648,0.7143729233348501,0.9024510255256648,0.9619029485349028,0.5774657738960309,0.8900127971162829,0.9619029485349028,0.917491525445882,0.9619029485349028,0.9447340060939066,0.8751899489873673,0.8412508634167808,0.5332031152400265,0.9002872232385661,0.917491525445882,0.8678955692569965,0.8780417056477214,0.8624410614877325,0.7617327987210614,0.9070966239454404,0.7795336126471464,0.8045899861628223,0.1825741858350553,0.7427912345219508,0.6900715998057569,-0.0967098088642765,-0.251986541443478,-0.0070986284999993,-0.1048314224727046,0.6478344123231543
0.1245399698154477,0.971100692658312,0.9078074647039812,0.8039196776249243,0.8745244048725838,0.9747622263365,0.9864660352008096,0.9747622263365,0.9572290580103376,0.933422129198184,0.536923405402238,0.9574592723409558,0.9443016000760216,0.8432401336721882,0.9088796004932448,0.989743318610787,0.9772310981799486,0.989743318610787,0.9772310981799486,0.944311708033255,0.9203506342325498,0.7902750464391779,0.9661498010662393,0.9661498010662392,0.8910595193951587,0.9150444313875988,0.8721086545446517,0.7839142789236484,0.9772310981799486,0.7723982864126601,0.8297273178457755,0.1825741858350553,0.7268111405271617,0.444640633482128,-0.0967098088642765,-0.1859211451054834,0.0406250087917705,-0.1048314224727046,0.444463609467278
0.58748086499609,0.8633346997906772,0.9078074647039812,0.8057242024795654,0.9178146529232246,0.9447340060939066,0.9122683463831308,0.9447340060939066,0.9085930618665126,0.8735980677865294,0.8762044068008172,0.9100647996527368,0.9178146529232246,0.8057242024795654,0.9178146529232246,0.9447340060939066,0.9283590843123906,0.9447340060939066,0.9226215050398614,0.8465097556071022,0.8807437778250906,0.784897958963265,0.9085930618665126,0.9001800540180063,0.8807437778250906,0.9174114536011596,0.913750144414478,0.9085930618665126,0.9387109071478592,0.8998952444631898,0.8807437778250906,0.1825741858350553,0.7470017261270571,0.9428090415820634,-0.0967098088642765,-0.0073575171803514,0.6888326900145257,-0.1048314224727046,0.7139792270021527
0.6330696015871163,0.9085930618665126,0.8044218783850968,0.6510456424285102,0.8652902194186083,0.9178146529232246,0.92685205561854,0.8876730508688908,0.9024943310657596,0.7812886125665609,0.7064257574504007,0.9426613939932512,0.8342098975975689,0.6900715998057569,0.8583325077599886,0.9512162189999104,0.95022867629116,0.9428090415820634,0.9772310981799486,0.8895267558053348,0.7915039413891718,0.6200943989510088,0.9068480544181396,0.9068480544181396,0.8428362550127747,0.8428362550127747,0.8586744962596912,0.7726458760666353,0.9130324013166672,0.8102682096075088,0.8062786816284364,0.1825741858350553,0.7064854379150713,0.6992058987801011,-0.0967098088642765,0.0648013159466449,0.273556295434454,-0.1048314224727046,0.5192919771922588
0.5669074513543565,0.8535229873856608,0.8140085205541897,0.706237427500958,0.9005745292637476,0.9601363367547364,0.9135092874028944,0.9601363367547364,0.9135092874028944,0.8907578953492991,0.7215305192862341,0.8907578953492991,0.8140085205541897,0.706237427500958,0.9005745292637476,0.9601363367547364,0.9135092874028944,0.9601363367547364,0.9155465899792335,0.8907578953492991,0.7953548573212116,0.8134155799482137,0.9250343728152701,0.8587835740382189,0.7821472153586716,0.7953548573212116,0.8056645574829919,0.654556585794502,0.943091541082337,0.8406001750187881,0.8074911037180251,0.1838290060036115,0.7115412652552052,0.6424852965802712,-0.0967098088642765,-0.3271513578165703,-0.1015338916259559,-0.1048314224727046,0.5772913649126588
0.2933777838555672,0.8320093348864879,0.9037863582704568,0.6802785493202872,0.9037863582704568,0.9601363367547364,0.9426556585197724,0.8983929552960127,0.8561844669381861,0.828903640782169,0.7244528443320595,0.9170855198404472,0.873716037195121,0.7233533462077497,0.9037863582704568,0.9601363367547364,0.9426556585197724,0.8904320895428784,0.9023865885000731,0.9747126436781608,0.7483833961446905,0.8808205491998286,0.9135092874028945,0.8676348300451289,0.7339959633324825,0.7591108385065741,0.7939642081277148,0.7119365462375266,0.9180335532758016,0.8200330496914175,0.6858285642857149,0.1838290060036115,0.650402408431331,0.7240749556522225,-0.1057525290028278,0.4571503208824944,0.1057525290028278,-0.1048314224727046,0.5387179160175664
0.5519870063438214,0.9732155676488424,0.9492889050691344,0.8263268675010048,0.9291641968594222,0.916797273872098,0.958204315623789,0.932621190692086,0.9884389178158018,0.9732155676488424,0.7745966692414835,0.958204315623789,0.8904320895428784,0.8263268675010048,0.9291641968594222,0.932621190692086,0.9732155676488424,0.9504093805483572,0.9732155676488424,0.9732155676488424,0.9253737442176532,0.7969438950420072,0.9747126436781609,0.9325866546002886,0.9203932205128696,0.932754788136328,0.8817085061985189,0.74704013648347,0.9732155676488424,0.8456011189561807,0.8675083998416446,0.1838290060036115,0.7217664189059887,0.737077367700984,-0.0967098088642765,-0.250000657565089,0.3399410226244902,-0.1048314224727046,0.6343546623569227
0.6005205368664649,0.954607091807298,0.9037863582704568,0.8869747109873171,0.9140467646940992,0.9732155676488424,0.9126187585132358,0.958204315623789,0.9457957427787052,0.9287529821250856,0.6803346842535314,0.9095519327100512,0.8977192250301518,0.8869747109873171,0.9140467646940992,0.9126187585132358,0.9295581597920908,0.958204315623789,0.965598870044977,0.9095519327100512,0.8511670411622416,0.7709812090815523,0.965598870044977,0.9183471318976238,0.8511670411622416,0.7785486351468489,0.8286376512805531,0.8856394250214491,0.917797204821386,0.8752161197669798,0.8307336167136179,0.1838290060036115,0.7398569406369467,0.1946869274493086,-0.0967098088642765,0.4033702209153871,0.2740527862208683,-0.1048314224727046,0.4299858595736539
0.5877064728110829,0.943091541082337,0.8168077471734503,0.6074629621162085,0.8168077471734503,0.9732155676488424,0.9732155676488424,0.9140467646940992,0.9732155676488424,0.8356682985719016,0.7194522452647171,0.9057926132363968,0.8168077471734503,0.6074629621162085,0.8168077471734503,0.9601363367547364,0.9758904250434308,0.9732155676488424,0.9732155676488424,0.9118822310355909,0.8228985285354623,0.770487640664374,0.943091541082337,0.958204315623789,0.8106841434914442,0.8304652840115896,0.8106841434914442,0.8237130587327159,0.9732155676488424,0.8415727531643598,0.7878413395602637,0.1838290060036115,0.6934550199084363,0.7555564754631887,-0.0967098088642765,-0.1861708711917171,0.1386212912998942,-0.1048314224727046,0.6315689005772991
0.6419357407145759,0.7500795813540717,0.719407220159604,0.6131496210000693,0.833689236131669,0.880601573394489,0.7819346243953457,0.8509900744554821,0.7459295108885604,0.7849211208769952,0.7317014874869389,0.7716047833498961,0.7468636746996816,0.6597040757295592,0.7819346243953457,0.8310792349123598,0.7701821006101567,0.8310792349123598,0.7819346243953457,0.7701821006101567,0.8596749997229298,0.7622014689627271,0.8201532000179177,0.7849211208769952,0.8596749997229298,0.8596749997229298,0.8201164008013602,0.7418797033214662,0.7459295108885604,0.8668347328154044,0.8083954973847106,0.1821615882775299,0.7245004908463498,0.6992058987801011,-0.0967098088642765,0.0483975042456619,0.2158064247740174,-0.1048314224727046,0.6529159006955676
0.6496512093042478,0.8367346938775511,0.9000696017296663,0.7116579297900935,0.9078074647039812,0.878834886043216,0.8698834184091969,0.9204554954999132,0.8801760528176061,0.835999564177252,0.8372110169693673,0.8869653901902488,0.9078074647039812,0.727214492658724,0.9000696017296663,0.9147057858513128,0.901668429004309,0.9204554954999132,0.8730158730158729,0.8503401360544218,0.8783345239615793,0.7999559581829513,0.9321290824570425,0.8645672742763537,0.8709995624018861,0.8709995624018861,0.8706679132743277,0.8572533094270087,0.8949352109236944,0.8437095832472024,0.8586744962596912,0.1825741858350553,0.7193500012656064,0.2826001405603348,-0.0967098088642765,0.0889896289248376,-0.0459038838623982,-0.1048314224727046,0.5836171936064345
0.4055739387139144,0.8315764937327346,0.8235162195690197,0.6654964218749374,0.8745244048725838,0.9747622263365,0.959959376152592,0.9747622263365,0.896140312207241,0.896140312207241,0.6099060429951007,0.9281338648479556,0.8318815163039281,0.6654964218749374,0.8652902194186083,0.9747622263365,0.959959376152592,0.959959376152592,0.947618034598738,0.947618034598738,0.9081532183729996,0.7898044449797058,0.8958176322132951,0.9070966239454404,0.8822059835623425,0.8982893297425101,0.8689687116192898,0.6554263789757074,0.8958176322132951,0.8139881369630422,0.7916430010346396,0.1825741858350553,0.7311304415425967,0.1849000654084097,-0.0967098088642765,-0.0274731141835801,0.0460775677584091,-0.1048314224727046,0.5960591133004927
0.5807840188522696,0.989743318610787,0.8589340484999193,0.5080070530074039,0.8900127971162829,0.9619029485349028,0.9863245059127902,0.9619029485349028,0.9747622263365,0.9063892061195148,0.5820577107637727,0.9747622263365,0.8708490286493171,0.5571632067915716,0.8377903996071316,0.9747622263365,0.9863245059127902,0.929993091695544,0.9747622263365001,0.989743318610787,0.8177423295288997,0.83639898633805,0.963492920127772,0.9747622263365,0.8177423295288997,0.82301571103678,0.8227318338870097,0.7239370848204391,0.9517367063751268,0.778259703523012,0.7851612775026798,0.1825741858350553,0.7002338367197116,0.8289469356529353,-0.0967098088642765,-0.0274731141835801,-0.0111383025083635,-0.1048314224727046,0.4091757483606162
0.2675034394863937,0.8587788438551064,0.8432401336721882,0.6525363245025149,0.8039196776249243,0.9347803144969384,0.9372720596288056,0.9347803144969384,0.8827003822256365,0.8757307192175173,0.6692218174435612,0.9047829403203048,0.8570138883977025,0.6525363245025149,0.8489333868396682,0.9347803144969384,0.9229119260227352,0.9455599372733874,0.9566434443922665,0.9229119260227352,0.8977057183209437,0.6035694006813787,0.9276041839985132,0.8757307192175173,0.8977057183209437,0.8426170575310644,0.8890239086901468,0.7065701827759081,0.9008128158627494,0.6941172200741212,0.9018038261288646,0.1825741858350553,0.6992204645968211,0.7334928056269078,-0.0967098088642765,-0.1645777455603688,0.2023109122499809,-0.1048314224727046,0.6090033762702498
0.5524481619832496,0.8977192250301518,0.9037863582704568,0.7595210135181372,0.8534794093815941,0.9601363367547364,0.9284163702544912,0.9601363367547364,0.9601363367547364,0.8861415687947561,0.7671412823766146,0.943091541082337,0.8926427592490898,0.8014041197912516,0.86874805179339,0.9601363367547364,0.9089215577097884,0.9601363367547364,0.9601363367547363,0.9483358718657338,0.8213216430187766,0.7064068582723211,0.9180335532758015,0.8861415687947561,0.8436012195922314,0.8187213786444193,0.9018910452439908,0.8103670788623335,0.929144734662678,0.851066839733564,0.7773377308432025,0.1838290060036115,0.6990925171033826,0.1048314224727046,-0.0967098088642765,-0.1500957548772912,0.1593199847246352,-0.1048314224727046,0.6091989827337773
0.6233022919309994,0.8523798669010245,0.8052756372781659,0.6593492089252437,0.8524226902661616,0.9732155676488424,0.9732155676488424,0.9732155676488424,0.9732155676488424,0.858829239060519,0.6428918303702231,0.9295581597920908,0.835068436307052,0.6593492089252437,0.9140467646940992,0.9732155676488424,0.9884389178158018,0.958204315623789,0.9757843882814446,0.9295581597920908,0.8614071100440058,0.7020072689001673,0.9732155676488424,0.963492920127772,0.8438442750294878,0.8209720133327062,0.8233626178685779,0.7206961808381025,0.943091541082337,0.8303177218692155,0.8044942786546336,0.1838290060036115,0.7354148501722765,0.6992058987801011,0.1048314224727046,-0.0274731141835801,0.2727448833735137,-0.1048314224727046,0.6242138263203115
0.5669074513543565,0.7608953120990772,0.8310697225746658,0.6176324725312324,0.8310697225746658,0.8648374447691546,0.9238495605941912,0.8648374447691546,0.8551724137931035,0.8541911485086029,0.6160127171373448,0.9037883232999492,0.8310697225746658,0.6581983202827052,0.8198160271564437,0.9126187585132358,0.9277614883742183,0.9265230504321889,0.9126187585132358,0.8890475413221539,0.7712566409411543,0.6555593072183529,0.858136625155313,0.7777032858549977,0.7963680738197384,0.8163615455212594,0.7974644093152261,0.6910864975784592,0.8607954468476404,0.6957418318644925,0.771396443965824,0.1838290060036115,0.7132715561744262,0.5499131508147047,-0.0967098088642765,0.0643267520902677,0.0187619693596614,-0.1048314224727046,0.5147955452805909
0.6391846815655484,0.9203115521673046,0.9492889050691344,0.8152819551936752,0.8648374447691546,0.9492889050691344,0.958204315623789,0.9492889050691344,0.958204315623789,0.9203115521673046,0.855677455613958,0.932754788136328,0.9296480105849224,0.8152819551936752,0.9492889050691344,0.9291641968594222,0.9386940860579804,0.9426556585197724,0.958204315623789,0.932754788136328,0.9057926132363968,0.668977476599572,0.932754788136328,0.8276324918581406,0.9018910452439908,0.8686751499697124,0.8686751499697124,0.7911419181333046,0.8887442779509354,0.8416870962362656,0.830284297968865,0.1838290060036115,0.6932026357451994,0.9005745292637476,-0.0967098088642765,-0.0274731141835801,-0.1820100181390143,-0.1048314224727046,0.4789503393249824
0.5669626035077469,0.8903278613030925,0.8648374447691546,0.7595210135181372,0.9265230504321889,0.9452276514997574,0.9019706864290288,0.9345063411946962,0.8970185566216029,0.886797070905328,0.5863864366356083,0.8935452436773068,0.96059821464786,0.7595210135181372,0.9265230504321889,0.9452276514997574,0.8970185566216029,0.9260765543486869,0.8970185566216029,0.880661548747943,0.8257485677479972,0.7211868840059737,0.8903278613030925,0.8903278613030925,0.812380903677069,0.8379818798627824,0.8327949904523613,0.8053461215396318,0.908570471939485,0.8548413941439317,0.8014638562768552,0.1838290060036115,0.7488733931889751,0.4550084261599866,-0.0967098088642765,-0.268349329679958,0.1730846311874173,-0.1048314224727046,0.5621293879483814
0.5282565184066088,0.9613859828884466,0.940678396956754,0.7692936288711901,0.9084814805220124,0.9095045901643958,0.9417887091830917,0.9643880331695208,0.951817583498019,0.9613859828884466,0.7466536627495454,0.9117670393936604,0.9230970916816226,0.8931416168648145,0.9230970916816226,0.9643880331695208,0.951817583498019,0.951817583498019,0.951817583498019,0.9547535747496892,0.8443808414541943,0.8627339777236931,0.951817583498019,0.9143579700806714,0.8443808414541943,0.857267980809268,0.8252387065093889,0.795797125996897,0.951817583498019,0.896134695387425,0.8269735475918062,0.1821615882775299,0.7147495740498702,0.8134948381845399,-0.0967098088642765,-0.031688842065612,0.0043924336099795,-0.1048314224727046,0.6314095929138198
0.5059523809523809,0.8823551994132198,0.7604524849452531,0.7001022358124341,0.9000696017296663,0.8846775656087192,0.8846775656087192,0.8728986212747913,0.8329406640889455,0.8173070158532821,0.769800358919501,0.7825772559728311,0.8248412205491837,0.7001022358124341,0.8652902194186083,0.929993091695544,0.8476968238101648,0.8846775656087192,0.9299930916955439,0.8698834184091969,0.8374196248601393,0.6196358982556758,0.8416311132864558,0.74784749609238,0.8289412188366564,0.8180870249870247,0.8327957321471748,0.7498176477030444,0.8569004644594375,0.7256293726609335,0.7974004805356435,0.1825741858350553,0.7096363921069214,0.7276068751089989,-0.0967098088642765,-0.0274731141835801,0.1287854102443453,-0.1048314224727046,0.6686118436643387
0.1472909176110172,0.7888697294810649,0.8235162195690197,0.6905951440713636,0.8235162195690197,0.9619029485349028,0.8639447541580845,0.9178146529232246,0.8768411960761181,0.8390061124409116,0.5069543682652107,0.8639447541580845,0.866762978267897,0.7276068751089989,0.8235162195690197,0.9619029485349028,0.8768411960761181,0.9619029485349028,0.8770115986968262,0.8639447541580845,0.8544206939337449,0.6814683359999358,0.8593073593073594,0.870352101784011,0.8484922251691923,0.8645600812948276,0.8399639031533338,0.8830879695631796,0.8488619264313193,0.9115323042581324,0.8936642244435516,0.1825741858350553,0.724408456078997,0.9000696017296663,-0.2792283297076378,-0.1003897669894723,-0.1584857703500654,-0.1048314224727046,0.4230104532471734
0.6022878123923333,0.9068480544181396,0.8142199479100525,0.5004533092499529,0.8652902194186083,0.8798185941043083,0.9191382565564312,0.9049473135343156,0.917491525445882,0.8390022675736962,0.7410101977802315,0.9319727891156464,0.8589340484999193,0.5004533092499529,0.8488169852489458,0.917491525445882,0.9319727891156464,0.9049473135343156,0.9174915254458819,0.9483529199677604,0.8177423295288997,0.6739063901654759,0.9174915254458819,0.8949352109236944,0.8271588909950582,0.773927254256989,0.7566026499491941,0.6666047082220616,0.9049796917058666,0.7213175332619105,0.7926092567274513,0.1825741858350553,0.708704404505544,0.7377576847646241,-0.0967098088642765,-0.0656610514100705,0.1070959105203331,-0.1048314224727046,0.6141215106732348
0.5019528186524658,0.930175433694397,0.9000696017296663,0.8583325077599886,0.878834886043216,0.9512162189999104,0.9178146529232246,0.9512162189999104,0.9619029485349028,0.9298666332277776,0.8389605922112473,0.9088796004932448,0.8892074429619813,0.9000696017296663,0.878834886043216,0.9078074647039812,0.9178146529232246,0.9512162189999104,0.9078074647039813,0.9088796004932448,0.9441430525751348,0.8041365589081936,0.9619029485349028,0.9078074647039812,0.9441430525751348,0.9298666332277776,0.9441430525751348,0.8421601936380789,0.942093577034544,0.9045891433212994,0.8511267381634327,0.1825741858350553,0.7173178274414165,0.5286543235055474,-0.0967098088642765,-0.0274731141835801,0.2196956117236669,-0.1048314224727046,0.6341012155837551
0.5745586133367577,0.9567602319639584,0.9492889050691344,0.6424852965802712,0.9732155676488424,0.9884389178158018,0.9884389178158018,0.9884389178158018,0.9884389178158018,0.8675795938983678,0.7389830292763577,0.9440515045461578,0.9732155676488424,0.6424852965802712,0.9732155676488424,0.9884389178158018,0.9884389178158018,0.9884389178158018,0.9884389178158018,0.967280819570018,0.8977400249468364,0.8216032670822362,1.0,0.9488107510216744,0.8926235876881756,0.8869736373901976,0.891914006998315,0.8259028504861796,1.0,0.8616076077126701,0.8369846372819377,0.1838290060036115,0.7425903817954976,0.5973198408381999,0.1048314224727046,-0.0487590376930687,-0.1406801773466806,-0.1048314224727046,0.4088569121681863
0.5818133030169199,0.9385355432993304,0.8310697225746658,0.790067017355272,0.8578379135278913,0.9732155676488424,0.958204315623789,0.9457957427787052,0.958204315623789,0.9385355432993304,0.6592849317777537,0.958204315623789,0.8120411108492122,0.8362477771734799,0.8706790337958785,0.9601363367547364,0.958204315623789,0.958204315623789,0.958204315623789,0.9126187585132358,0.8270756784265052,0.7758331318452265,0.9457957427787052,0.9287529821250856,0.8270756784265052,0.8381261779143016,0.8496983279748279,0.7584836187049576,0.929144734662678,0.8280144324075603,0.862890225157768,0.1838290060036115,0.730401663496404,0.7616469659860505,-0.0967098088642765,-0.2695597230449312,0.0589149850529908,-0.1048314224727046,0.5791560124413697
0.427667024705918,0.8817457016862996,0.8438427880189314,0.7233533462077497,0.8014041197912516,0.9601363367547364,0.9601363367547364,0.9140467646940992,0.9732155676488424,0.8909388892244234,0.6467906920491295,0.939715644764211,0.8438427880189314,0.7233533462077497,0.8014041197912516,0.9601363367547364,0.9601363367547364,0.9732155676488424,0.9732155676488424,0.939715644764211,0.8533908026625115,0.7734161838174868,0.9303713370996565,0.948568523181631,0.8533908026625115,0.7841084413390598,0.8024165412613111,0.7479197800043315,0.948568523181631,0.7945101559949973,0.7729617740232722,0.1838290060036115,0.7046830361925045,0.6992058987801011,-0.0967098088642765,-0.0274731141835801,0.1048314224727046,-0.1048314224727046,0.5657455376144056
0.4221907434200194,0.9193076119466764,0.9492889050691344,0.8541237957655644,0.9492889050691344,0.958204315623789,0.9110979551511568,0.9457957427787052,0.9155641215979764,0.927413071953472,0.7822200022168518,0.9081478191107047,0.9732155676488424,0.8541237957655644,0.9601363367547364,0.9426556585197724,0.9158070972759658,0.9357822778583152,0.8968556921969079,0.9081478191107047,0.8676788232135754,0.6572171224027955,0.8861415687947561,0.8929392730827599,0.8676788232135754,0.8555458028005604,0.8781246597964357,0.8000555035210714,0.9081478191107047,0.7675456310525333,0.8811213818074884,0.1838290060036115,0.7564201637486188,0.8716846570204131,-0.0967098088642765,0.0069204566544783,-0.1946869274493086,-0.1048314224727046,0.5677022578250516
0.5169548773480599,0.835877683912577,0.8321748708665134,0.6371411635607466,0.8961297955461902,0.9407874945122776,0.9363848720161848,0.9217224128651826,0.8884633870021447,0.8752161197669798,0.5628957891149956,0.8835363013199375,0.8484104278676612,0.6371411635607466,0.8869747109873171,0.9363848720161848,0.9531510064873214,0.9363848720161848,0.9701149425287358,0.954870886160198,0.8030814621008974,0.8019489622899533,0.924634323329364,0.8808205491998286,0.7537960431127345,0.7909695466087049,0.8103670788623335,0.7638170189386336,0.9033387558764218,0.8347527540347606,0.7008670711727794,0.1838290060036115,0.697781025444466,0.4245349044041859,-0.0967098088642765,0.0222242547115686,-0.1773375705493056,-0.1048314224727046,0.3341697224368798
0.6018114949844012,0.8948904166812233,0.9052233176755388,0.7928161201758901,0.9052233176755388,0.9495858862103724,0.951817583498019,0.9495858862103724,0.951817583498019,0.8948904166812233,0.6990146082493773,0.8576163088534355,0.9366539809155718,0.7928161201758901,0.9643880331695208,0.9184821940255156,0.9503386004514676,0.9495858862103724,0.9309227001589605,0.8533209941911506,0.8759185994828822,0.6138775196705873,0.9374586232162507,0.8580529314431945,0.8759185994828822,0.8759185994828822,0.8535937321887618,0.7551445988340475,0.9202148412907158,0.7414764093696842,0.8445237218950601,0.1821615882775299,0.7349343160821703,0.6342052458503867,-0.0967098088642765,0.2582121358105146,0.268467125004367,-0.1048314224727046,0.6677550998807481
0.5894952321798881,0.8111654252882439,0.9000696017296663,0.7839296655545726,0.9178146529232246,0.9512162189999104,0.9178146529232246,0.9216353751380651,0.930175433694397,0.8901904710055257,0.7936507936507937,0.9074368567713073,0.9078074647039812,0.7839296655545726,0.9000696017296663,0.9315516419063744,0.9178146529232246,0.9078074647039812,0.9447340060939066,0.9329657709004232,0.8643157257694564,0.7173273895098204,0.9619029485349028,0.8962268810866398,0.8643157257694564,0.8643157257694564,0.8944181567468451,0.8639447541580845,0.963492920127772,0.8036664983744084,0.8111801519795834,0.1825741858350553,0.7067506135671796,0.3726779962499649,-0.0967098088642765,-0.0274731141835801,0.0595437451954758,-0.1048314224727046,0.6531421802015236
0.5968689706638723,0.9078074647039812,0.9428090415820634,0.6659161124654472,0.9000696017296663,0.9512162189999104,0.9049473135343156,0.9512162189999104,0.9512162189999104,0.9512162189999104,0.8192964464496564,0.9079522089874092,0.9512162189999104,0.7839296655545726,0.9000696017296663,0.9512162189999104,0.9049473135343156,0.9512162189999104,0.9512162189999105,0.9041307970867244,0.8299778016680984,0.8783984297036039,0.92101114370726,0.9321290824570424,0.8299778016680984,0.8198877431188626,0.8424148738255118,0.8649576609748701,0.92101114370726,0.8139473373789162,0.8696034835003136,0.1825741858350553,0.7285579415703638,0.6659161124654472,-0.0967098088642765,0.1041158412590707,0.1353389944825856,-0.1048314224727046,0.5737532410384384
0.5589128190284202,0.9747622263365,0.9000696017296663,0.7839296655545726,0.9078074647039812,0.9619029485349028,0.9863245059127902,0.9619029485349028,0.989743318610787,0.9747622263365,0.6607949540847363,0.9747622263365,0.9178146529232246,0.7839296655545726,0.9178146529232246,0.9178146529232246,0.9863245059127902,0.9178146529232246,0.9747622263365001,0.9747622263365,0.9506223155814032,0.6828633596421119,0.9475250940694354,0.959959376152592,0.9341594207811296,0.9298967202262832,0.8728391549533162,0.8325833222165118,0.9674090678212364,0.8728391549533162,0.8890239086901468,0.1825741858350553,0.7474398922532884,0.8498365855987975,-0.0967098088642765,-0.0274731141835801,0.093502089747779,-0.1048314224727046,0.6851675749345322
0.1294974338508793,0.8140589569160998,0.8834299495073568,0.6085769772068392,0.8834299495073568,0.9428090415820634,0.930175433694397,0.9447340060939066,0.930175433694397,0.8428324379152909,0.5549367421618765,0.939061488886812,0.8733437663130742,0.6085769772068392,0.8834299495073568,0.9447340060939066,0.9410430839002268,0.930175433694397,0.930175433694397,0.939061488886812,0.9001836414730614,0.6699949995273384,0.9024027208180508,0.947618034598738,0.9001836414730614,0.8857502793657792,0.7661889481698696,0.7564886861514404,0.8946399725399785,0.7668342621771245,0.8296766360492767,0.1825741858350553,0.705537736611939,0.6992058987801011,-0.0967098088642765,0.1490711984999859,-0.0029703945788181,-0.1048314224727046,0.2948661069230492
0.5813073943256581,0.9026927004279118,0.86874805179339,0.6372447179478741,0.9126187585132358,0.9732155676488424,0.9884389178158018,0.9265230504321889,0.9732155676488424,0.9151262692009372,0.7557996907632148,0.9072316471674235,0.9026927004279118,0.6808589217319944,0.9126187585132358,0.958204315623789,0.9732155676488424,0.9757843882814446,0.958204315623789,0.9471264367816092,0.8387687928297164,0.7346843805017907,0.9884389178158018,0.9295581597920908,0.8156318529885271,0.8156318529885271,0.8304652840115896,0.7101745039685363,0.9471264367816092,0.8693434131984713,0.7578504041380454,0.1838290060036115,0.6976903814036257,0.6992058987801011,-0.0967098088642765,0.050556491795554,-0.0994567702949382,-0.1048314224727046,0.4335367708524898
0.5346751860534984,0.9452276514997574,0.9284163702544912,0.8591777827227572,0.9884389178158018,0.929144734662678,0.9260765543486869,0.929144734662678,0.8970185566216029,0.9022730879408376,0.8406617265204099,0.7913915409758671,0.9884389178158018,0.8591777827227572,0.9884389178158018,0.929144734662678,0.929631763513169,0.919794589566452,0.908570471939485,0.9022730879408376,0.9330706758537252,0.8373857969667173,0.9185383057146826,0.9452276514997574,0.9330706758537252,0.9330706758537252,0.9237167611646462,0.8103670788623335,0.9185383057146826,0.8228985285354623,0.8526503497537259,0.1838290060036115,0.7211373415893834,0.6361552378075954,-0.0967098088642765,-0.1435427203258164,0.1500957548772912,-0.1048314224727046,0.6251240780054218
0.4244024373238159,0.9613155322143628,0.5837354935557556,0.4854979390448203,0.6720973466596426,0.9309493362512627,0.9529265570507226,0.9407874945122776,0.943575790523246,0.9613155322143628,0.5980675813865439,0.9238495605941912,0.6306310559778479,0.4854979390448203,0.8014041197912516,0.9529265570507226,0.9529265570507226,0.9529265570507226,0.9363848720161847,0.926980236418566,0.771396443965824,0.6473288686035117,0.9701149425287358,0.939715644764211,0.771396443965824,0.7796490206762333,0.7841649716721456,0.6015329497590373,0.9861213556167646,0.7190347930116983,0.7351929430963401,0.1838290060036115,0.689601559619415,0.5322700662888644,-0.0967098088642765,-0.0274731141835801,-0.0544742194299064,-0.1048314224727046,0.4734132667210579
0.5617822916268811,0.8853660975708159,0.8168077471734503,0.7003950954021679,0.9140467646940992,0.9265230504321889,0.9265230504321889,0.9265230504321889,0.9265230504321889,0.8994609120660019,0.7070595867229743,0.8994609120660019,0.8305102990920656,0.7560028899632678,0.86874805179339,0.9265230504321889,0.9265230504321889,0.9265230504321889,0.9212800968437433,0.8994609120660019,0.8840764275666002,0.842515448124144,0.9388342036361945,0.9075904958553552,0.8840764275666002,0.8759815782295741,0.8462872874421309,0.8418390338477819,0.9388342036361944,0.8597840975040859,0.8444278785001234,0.1838290060036115,0.7520715599399153,0.7616469659860505,-0.0967098088642765,0.0988438917815801,-0.1165154195172304,-0.1048314224727046,0.4379646740734723
0.6218252702059209,0.7914564758300212,0.9005745292637476,0.8050118928857073,0.9135092874028944,0.9601363367547364,0.905090887355638,0.9601363367547364,0.858136625155313,0.7959920430267547,0.7466273644397976,0.7797047830712253,0.8983929552960127,0.8050118928857073,0.9005745292637476,0.9426556585197724,0.9260765543486869,0.958204315623789,0.9260765543486867,0.8509196693270462,0.8136762043449725,0.7183235241482959,0.8968556921969079,0.8455816737242177,0.8020127790802476,0.8020127790802476,0.7965791928595675,0.8092565583089207,0.9125995241063454,0.8181957322431276,0.8155283476883388,0.1838290060036115,0.7405682813288352,0.8524226902661616,-0.0967098088642765,-0.2025101454693612,0.6670671503638234,-0.1048314224727046,0.6337462062711428
,,,,,,,,,,,,,,,,,,,,,,,,,,,,,,,,,,,,,,
,,,,,,,,,,,,,,,,,,,,,,,,,,,,,,,,,,,,,,
